age,salaire,score_credit,montant_transaction,anciennete_compte,type_carte,region,genre,fraude
49.54889404138071,183659.04578435957,48.2285786546242,9649455.81898502,14.0,Mastercard,Houston,femelle,0.0
44.95266535510408,329732.599158123,67.57309700360759,25000.0,7.8,Mastercard,Houston,femelle,0.0
41.65991038281746,75000.0,77.55948667850828,2724004.395371683,9.0,Visa,Houston,male,0.0
42.377280190465775,75000.0,54.28221964572267,4755632.036666362,9.0,Mastercard,Orlando,femelle,0.0
48.125023071955766,359999.48294154095,71.14854574228272,25000.0,8.0,Mastercard,Orlando,femelle,0.0
34.90494088848834,397644.8518169162,49.93038302853597,7176256.481473299,11.0,Visa,Miami,male,0.0
39.231994706129136,428573.7582634933,53.6356246517432,11531961.143126665,10.0,Visa,Orlando,femelle,1.0
47.84919772456283,245523.6661900776,19.71171875203759,4595029.316068816,7.0,Visa,Houston,male,0.0
36.53889986933177,380458.3828271364,23.3510043800359,25000.0,6.0,Mastercard,Houston,male,0.0
45.67679583506853,215836.6303528504,99.0,1514746.0994707667,9.0,Mastercard,Houston,male,0.0
44.18659026182871,230620.0550529932,41.75159860300186,5899384.622489492,12.0,Visa,Miami,male,0.0
26.78205858117208,292086.73379988514,83.71403508069943,8850063.731864616,1.0,Visa,Houston,male,0.0
29.07041329864866,458193.09427309775,45.8567662181192,25000.0,11.0,Mastercard,Orlando,femelle,0.0
31.55110744650331,524056.4638508301,42.19181627156733,3990365.236372667,3.0,Visa,Miami,femelle,0.0
37.587789633845226,134332.22582175056,75.4206019886228,1866000.4081062707,9.0,Visa,Orlando,male,0.0
52.342454190157454,326351.0568737669,41.2803873906402,1497497.5283578564,6.0,Visa,Orlando,femelle,0.0
38.62803519689409,209866.9236219281,74.45615844266817,7608717.555960263,16.0,Visa,Houston,femelle,0.0
42.65897866579188,269787.01498845394,68.98592996750631,1322323.2096801624,14.0,Visa,Orlando,male,0.0
56.43611911523808,389863.4638895714,38.05442128307504,6391169.172671343,23.0,Visa,Houston,femelle,0.0
38.84106595883125,472423.1046015553,56.72150825010693,3367176.7012263853,10.0,Visa,Miami,femelle,0.0
40.15996388965135,174619.46165725414,41.46800727427926,10667847.362750756,11.0,Visa,Houston,femelle,0.0
43.378598379599,320973.2037777316,36.04916115049771,8776658.617228465,7.0,Mastercard,Miami,male,0.0
38.82815463417471,343822.3263178198,41.55008209135132,4941408.8315986935,9.0,Visa,Orlando,femelle,0.0
60.0,75000.0,41.774791390330336,1345471.7995780432,5.0,Visa,Houston,femelle,0.0
43.3880629921763,297279.86347378773,60.4243158237745,8379180.349166197,19.0,Visa,Miami,male,0.0
43.48169222631682,214597.28646282936,48.99838802287066,3930718.638424764,10.0,Mastercard,Orlando,femelle,0.0
29.637931034663037,342568.204175712,17.37864749610042,9515587.99663712,4.0,Visa,Orlando,femelle,0.0
39.76518638307444,175755.93594774016,66.52906221717525,7020286.4382610805,10.0,Visa,Miami,male,0.0
48.46368571071034,306894.1404073401,51.65729683737992,6374993.427656693,10.0,Visa,Houston,femelle,0.0
50.19747079743589,375285.0350551008,78.68002007460922,7528322.090297081,13.0,Mastercard,Orlando,male,0.0
37.703123961101255,203726.7894083488,43.4335811461888,2416135.692842297,10.0,Visa,Houston,femelle,0.0
36.29714971428496,375163.50139631575,60.20504444810037,10766673.680808358,2.0,Visa,Houston,male,0.0
39.24877145029562,623452.4447593947,53.35059757790005,4077267.8313087686,13.0,Mastercard,Houston,femelle,0.0
37.58184486333979,440198.2061004936,53.98121729550837,7143649.2843905175,6.0,Visa,Miami,femelle,0.0
36.51278824727654,349655.835422582,51.99976327531104,25000.0,13.0,Visa,Houston,femelle,0.0
28.14082570403385,472852.2958442889,31.93413778441781,1751478.4133949694,10.2,Mastercard,Houston,femelle,0.0
41.85384753624314,177091.9754251814,25.73073279694154,8888770.129244005,2.0,Mastercard,Miami,male,0.0
50.27283756143118,346357.0252536052,85.29651767583472,5170119.946517796,9.0,Mastercard,Orlando,femelle,0.0
45.034885067431134,292273.6209369108,38.49627100712967,7669570.855356484,10.0,Mastercard,Miami,femelle,0.0
49.2579563818482,75000.0,50.87420793983968,8220099.747334917,4.0,Visa,Houston,femelle,0.0
45.004676749400005,152857.99094799458,65.82280008711767,3895825.153568958,8.0,Mastercard,Houston,femelle,0.0
55.16118889687176,446888.9616430444,12.159328550286602,3109303.7790606827,8.0,Mastercard,Houston,male,0.0
29.21832615752477,340327.6179601488,52.70982744633524,8184527.471527534,9.0,Visa,Orlando,femelle,0.0
56.1084343571896,412933.6622240677,41.81359570826629,7115445.97681453,15.0,Visa,Houston,male,0.0
35.086851750022525,194202.4914126228,35.26197295536402,2817638.2258306453,9.0,Visa,Orlando,femelle,0.0
33.30095368254027,393528.8698238788,50.071652036655664,1539552.4073340693,6.0,Visa,Miami,male,0.0
41.26107646752755,179966.58969001443,39.36136983415816,4022783.32045214,8.0,Mastercard,Orlando,femelle,0.0
44.08480552328251,411018.8496157866,83.5525088431227,5368186.723116451,1.0,Mastercard,Orlando,male,1.0
24.3632559641338,281000.3958978505,65.89517044943868,3957499.100882269,5.0,Visa,Houston,male,0.0
33.43737231094026,334039.7915700372,87.01562284871467,7372016.956072185,2.0,Visa,Houston,femelle,0.0
42.74526843357933,237982.6944792307,33.61467071621256,5386548.864067743,8.0,Visa,Houston,femelle,0.0
33.695619014135936,133537.48081675888,51.093897307492526,3461077.2680965643,10.0,Mastercard,Houston,femelle,0.0
30.329129083034225,318095.2141340181,35.05185053264692,4276810.332602657,2.0,Visa,Houston,male,0.0
38.86633022638541,135198.09398484227,21.612312884079188,4518649.870203098,11.0,Visa,Orlando,male,0.0
42.96272213863077,228731.2082333095,34.99954636868566,3466221.6263914183,10.0,Mastercard,Orlando,male,0.0
39.740151713263245,293243.3822983614,76.6799637175385,5282209.523574571,7.0,Mastercard,Miami,male,0.0
34.69468327899054,295535.0267495397,11.008196545479343,7283522.117154915,14.0,Mastercard,Houston,femelle,0.0
47.312617313792266,357518.2522281324,63.7178091287584,5842785.490843479,8.0,Mastercard,Miami,male,0.0
35.62873904429062,264823.8697281164,59.86391376979757,4097194.121089601,1.0,Visa,Orlando,femelle,0.0
40.5263091891917,376427.0345894529,62.34857261854648,7203277.558429001,13.0,Visa,Houston,male,0.0
43.66711207965655,75000.0,23.246516278246325,5679628.252792988,11.0,Mastercard,Houston,male,0.0
41.7497461291319,327325.59415681526,43.36442456455755,9528571.978096563,17.0,Visa,Miami,male,1.0
53.01144587687087,240034.42328354137,86.23111546387827,4885596.293526079,5.0,Visa,Orlando,male,0.0
24.0,159065.22491190626,55.83465450756618,7986580.075022342,12.0,Visa,Houston,male,1.0
28.79943012478609,448894.2154469144,64.97872227611853,9068320.142630976,6.0,Visa,Miami,femelle,0.0
42.50292521192729,273579.8703433832,82.9070990454149,5214262.49774328,4.0,Mastercard,Orlando,femelle,0.0
36.81243780008506,207407.14396816693,75.49306248076682,4717181.848307102,17.0,Visa,Orlando,femelle,0.0
33.72668913312134,350094.7724514286,49.64275690224533,4636773.702828338,16.0,Visa,Houston,femelle,0.0
56.41658649137548,560106.2931633929,49.19590530927242,4438503.356408417,6.0,Mastercard,Houston,male,0.0
36.9265466743442,319189.0803561869,41.57739530397832,9481784.430926591,2.0,Visa,Houston,male,0.0
27.84085760304812,460199.66670884576,57.12825167068752,3828816.598648572,13.0,Visa,Houston,femelle,0.0
46.61137859353413,75204.6754276182,65.10369947607887,7540313.327024734,21.0,Mastercard,Miami,male,0.0
28.454393649713648,107290.8350373799,50.52370298371597,7809140.403849866,15.0,Visa,Orlando,male,0.0
45.43435055985879,282721.75068352814,37.197069898126,5361825.642840736,12.0,Mastercard,Houston,femelle,0.0
47.68745742886609,524532.0410776285,56.70321133070236,8277613.50082491,8.0,Visa,Miami,femelle,0.0
46.0718535636809,366688.7992609693,29.634921971645426,4871431.257018986,11.0,Visa,Miami,male,0.0
40.67892366688884,179023.55564616263,38.77898295955464,7303812.990549611,6.0,Mastercard,Orlando,femelle,0.0
43.07973132838107,342586.6588104572,74.2285500726486,6286433.541299017,25.0,Visa,Orlando,male,0.0
54.78487283284442,675475.7686358567,18.473820064575087,1531617.8985469034,13.0,Visa,Orlando,male,0.0
51.0251414439809,313379.7294918857,56.28534843602367,6107156.145769904,10.0,Visa,Houston,femelle,0.0
47.955316225660674,105592.69607641076,68.21814070067498,5511454.042090742,25.0,Mastercard,Orlando,femelle,0.0
36.980612790957366,278462.76169317984,48.54061136237444,8706295.327270402,13.0,Visa,Orlando,femelle,0.0
41.17661461956779,76607.36033396731,38.90813519134896,10232309.553397937,12.0,Visa,Miami,femelle,0.0
42.81329883979247,146141.4907538089,35.17194280552503,2926836.867818312,10.0,Visa,Miami,male,0.0
35.87215208520736,375381.93696812727,47.8403262797478,3458848.077540347,14.0,Mastercard,Miami,femelle,0.0
26.74285131894156,508625.0322264965,46.1878956176375,4164030.998362072,12.0,Mastercard,Miami,male,0.0
40.65033140033985,209887.81040421483,36.30007699747215,1070070.3368750014,11.0,Mastercard,Miami,male,0.0
47.57261602858709,231266.54561152484,36.2261113310953,3850715.236520618,6.0,Visa,Orlando,femelle,0.0
42.45078027145618,527142.1103580726,48.42823214171286,25000.0,2.0,Visa,Miami,femelle,0.0
42.0175588338743,363040.2793584842,63.55274203849776,25000.0,5.0,Visa,Houston,femelle,0.0
38.796254868040144,317339.5108019862,78.38128826715042,5121568.82695103,8.0,Mastercard,Miami,male,0.0
45.83389559448602,75000.0,26.360089562043505,7444053.311882207,19.0,Visa,Orlando,male,0.0
51.8838189541804,226268.33792896432,73.23006096963951,5643389.802402654,14.0,Mastercard,Houston,male,0.0
41.504586855934186,416669.6446316572,44.64202531683003,3606794.6557702674,4.0,Visa,Miami,femelle,0.0
24.0,205942.70779533888,46.302464875094685,4710846.0910553085,9.6,Mastercard,Houston,male,0.0
34.52447678331054,263891.3544016424,19.45077287762592,3654209.3806726392,1.0,Visa,Houston,male,0.0
57.71463954045277,227967.8348801401,74.94607301329356,8555020.950749047,14.0,Visa,Miami,male,0.0
42.50257789413477,527900.4526635966,55.24033148716951,6227637.735819641,16.0,Visa,Miami,male,0.0
41.83275865317104,75000.0,57.83102350520188,902612.2158471663,6.0,Mastercard,Houston,male,0.0
42.19128869477744,176225.11503816932,3.0,5169523.023287802,12.0,Visa,Orlando,femelle,0.0
44.28366997927706,259261.2939772774,27.433168594684343,5870113.4091617055,13.0,Mastercard,Miami,male,0.0
33.7074232675372,456819.0360723379,74.4758724502633,1163792.4355422305,9.0,Mastercard,Orlando,femelle,0.0
37.793280320828345,147662.79305241822,54.29851929553411,8713214.317247676,16.0,Visa,Miami,male,0.0
40.18708171726807,75000.0,73.0582651240962,1696020.1136908703,13.0,Mastercard,Houston,femelle,0.0
38.75662053977792,423448.28880049824,52.48752244601859,8916748.147431571,3.0,Visa,Houston,male,0.0
37.15252066330424,282961.78295684245,72.05384092148756,8341587.193946661,17.0,Mastercard,Houston,male,0.0
45.322676276071,417203.7179709772,33.61316814530853,8513357.194212712,11.0,Visa,Orlando,male,0.0
39.90380776869449,318529.3802761639,78.8868682395989,3268986.680818391,11.0,Visa,Miami,male,0.0
37.85304960690095,75000.0,36.21446753695224,8098922.704742093,13.4,Mastercard,Orlando,femelle,0.0
36.72527539825101,75000.0,42.65954770556717,11405963.371927872,7.0,Visa,Houston,femelle,0.0
52.92697992097851,499469.1547807613,41.28578335230526,8283687.363841386,11.0,Visa,Houston,femelle,0.0
32.17387480587008,75000.0,27.91948733055229,5681977.720469571,14.0,Mastercard,Orlando,femelle,0.0
25.49365222386273,316562.70704191795,34.46611894055712,8472558.817429874,16.0,Mastercard,Houston,femelle,0.0
46.19218219256842,368631.2901007172,38.56142907603135,4012660.8232397987,15.0,Mastercard,Orlando,male,0.0
24.75010703928496,140544.5590719423,64.27754888180274,2607543.5079686344,9.0,Mastercard,Miami,femelle,0.0
27.698337531759982,219182.27432289167,39.94180699923962,3284291.450570228,5.0,Visa,Miami,male,0.0
36.35862572836989,538110.0903623305,68.33135227555402,3344974.585859965,9.0,Mastercard,Orlando,femelle,0.0
30.99841737809821,320276.4362014004,37.98340721808171,2126216.4815141954,9.0,Visa,Orlando,femelle,0.0
27.44488323700253,385870.7117669604,38.385178188871,4789860.668816105,9.0,Visa,Houston,male,0.0
42.15049885129724,234901.43066760644,73.79285290970472,10846889.334342858,13.0,Visa,Houston,femelle,0.0
32.827315674822465,201474.67969583545,54.41683540580705,9035351.520835366,1.0,Visa,Orlando,male,0.0
33.47272371881158,215518.53989360697,30.18526162517432,3348398.095397896,5.0,Visa,Houston,femelle,0.0
46.64968882559805,265816.1161851249,75.44397108500195,5879026.421775965,9.0,Mastercard,Miami,male,0.0
50.15404537518896,254740.04190620463,54.33109476756412,5694944.214832768,10.0,Mastercard,Miami,male,0.0
41.21325817716014,186029.6802018337,50.293881910887336,7720352.800026288,4.0,Visa,Orlando,femelle,0.0
38.88366365657677,405208.4840714249,55.99343954675852,646688.0405997848,12.0,Mastercard,Miami,male,0.0
37.40113658801163,393838.695375984,18.455432581609983,3490509.44286093,12.0,Visa,Houston,male,0.0
41.28215085934061,419379.571851184,44.80557657846935,7720611.603830855,16.0,Visa,Miami,femelle,0.0
34.87068056482519,230421.83557410812,60.32326045852939,15133304.723868083,6.0,Visa,Houston,male,0.0
33.99671897796275,361853.3953628922,72.12914304589289,2558559.074213212,12.0,Visa,Orlando,femelle,0.0
27.587700632254982,479276.6117267125,51.74409984074534,3945019.4484973545,20.0,Visa,Orlando,male,0.0
49.52938435952076,223030.91304535756,53.57339550438144,2275799.087720104,12.0,Visa,Orlando,male,0.0
36.7672375053408,539868.4861255102,12.50268688996578,7157982.8054883145,1.0,Visa,Orlando,male,0.0
50.818900367409206,116341.90899630683,30.91122747418073,25000.0,5.0,Mastercard,Houston,male,0.0
39.739968855538486,87018.42535936067,53.94626824580533,6828529.68863732,8.0,Mastercard,Orlando,femelle,0.0
30.970923884966343,335774.8388509581,17.62354856027119,5284044.16841219,10.0,Visa,Miami,femelle,0.0
48.25104420221865,304659.5139598397,63.88652762298598,4320013.388828001,5.0,Mastercard,Houston,male,0.0
42.342630748693466,80954.63471861661,5.030069310006894,25000.0,13.0,Visa,Miami,male,0.0
41.15402817825632,344279.3052238254,78.71712928171796,6794516.451004384,15.0,Mastercard,Houston,male,0.0
50.22624757967589,266613.76091627206,44.04101270373554,4967182.844119743,16.0,Mastercard,Orlando,femelle,0.0
35.25837741634315,355389.5666474857,47.06736451912796,4159151.860768458,7.0,Visa,Houston,femelle,0.0
33.39766431335308,333790.458302257,39.44597176158789,9153514.887953104,7.0,Mastercard,Miami,femelle,0.0
26.39498200278898,336824.8022691469,47.72350455385046,6965234.052891578,8.0,Visa,Houston,male,0.0
33.869179125879874,75000.0,39.00985996758236,6765308.540720922,10.2,Visa,Miami,male,0.0
39.762489677712175,300270.5259534621,55.61782253202343,6030663.731119807,4.0,Visa,Miami,femelle,0.0
41.61390923836835,367005.5416213717,92.3202411366199,1990094.50707351,12.0,Visa,Houston,male,0.0
36.42685562548315,480337.3505041757,68.49443611026842,5544383.190441916,24.0,Visa,Miami,femelle,0.0
28.186742211855574,471534.906739292,30.028592270351208,5657926.739396162,18.0,Mastercard,Miami,male,0.0
53.954488917944886,280030.3220089343,62.7791362842549,2681498.8073331085,9.0,Visa,Orlando,femelle,0.0
48.96950514055924,290083.14090719895,61.3126580377344,4860510.256620326,7.0,Mastercard,Orlando,femelle,0.0
44.35699659599471,310335.91996814584,40.42891466564564,2421620.829655949,15.0,Visa,Houston,male,0.0
56.29768511774687,480536.708180019,46.348302431751165,2460805.082666937,10.0,Mastercard,Miami,femelle,0.0
40.86159559285295,131865.4539347761,11.733193305543942,7580997.678250161,9.0,Mastercard,Houston,femelle,0.0
38.235472477861485,75000.0,68.297355961957,3904601.186612647,9.0,Visa,Houston,femelle,0.0
44.67106417827201,240742.97217456487,22.61072450687884,5972691.278647333,7.0,Visa,Houston,male,0.0
41.69503343063107,452780.6141475592,68.07041367607003,25000.0,8.0,Visa,Miami,femelle,0.0
47.9088703479934,75000.0,61.38578646540128,8787732.220892452,9.0,Visa,Houston,femelle,0.0
40.35641732456921,133581.66668306704,76.31643680032445,25000.0,13.0,Visa,Orlando,femelle,0.0
35.485681178247845,446280.0812527149,46.56379072394652,6815399.047276848,3.0,Visa,Houston,male,0.0
40.65475467623631,263612.5445565309,59.46673351109934,5809888.3095925925,6.0,Visa,Miami,male,0.0
51.93339087041446,353837.6375610989,3.0,7127343.168899852,7.0,Mastercard,Orlando,femelle,0.0
42.61736442302232,180451.9996779184,35.87048998468407,25000.0,14.0,Visa,Miami,femelle,0.0
34.0680140006982,388750.2074539696,79.43417796723782,424443.69001340587,8.0,Visa,Orlando,femelle,0.0
34.75122211195487,322282.18553889584,89.8824748146888,1590874.499888428,22.0,Mastercard,Miami,male,0.0
33.98923624317304,227305.71530998775,68.68282884467389,25000.0,15.0,Visa,Miami,femelle,0.0
33.63475892939354,273968.3373657919,24.667360097867807,8860841.858349258,8.0,Visa,Miami,femelle,0.0
43.36429364723256,131562.7983828644,69.52277380133842,7970183.69214908,7.0,Mastercard,Houston,male,0.0
55.30150507485436,235101.0729905112,65.55470094495709,2994925.5080273338,5.0,Mastercard,Miami,male,0.0
45.24186902811009,75000.0,96.98217116050066,858043.4896695819,13.0,Visa,Miami,male,0.0
39.094732044351325,326336.1127388733,48.097502448930605,1331749.1637854748,11.0,Mastercard,Houston,femelle,0.0
44.98355224330646,342958.01159330853,69.10777142359701,4352507.733691537,14.0,Visa,Houston,femelle,0.0
32.099816300584045,577206.0287656274,53.309831282662806,5099395.986000185,6.0,Visa,Houston,male,0.0
39.708598583757144,75000.0,26.3759765370224,7114368.32731696,15.0,Visa,Houston,male,0.0
41.08343067775966,115825.71509145119,35.42419607245233,11093476.139219694,9.0,Mastercard,Miami,male,1.0
45.81209297868848,660237.5491545529,26.18508398526657,4805385.676839917,13.0,Visa,Orlando,male,1.0
49.71733424106322,340395.9284343507,66.7066687072967,5304967.284698088,17.0,Visa,Orlando,femelle,0.0
39.67265971843945,262515.9396281931,24.995679482103977,5054692.991411352,9.0,Visa,Miami,male,0.0
37.06926658289794,214882.90781574725,36.1408599093757,5053496.763589272,9.0,Visa,Orlando,femelle,0.0
41.4500315867604,315507.2994318143,58.66127893482639,8249785.328882912,6.0,Visa,Houston,femelle,0.0
43.811441333737,270288.955477596,56.9923066205677,6155165.503813503,12.0,Mastercard,Houston,male,0.0
35.93826584680229,264813.14555712184,42.03345974236744,647261.2142179627,13.0,Visa,Miami,femelle,0.0
49.1718972698643,309555.3539648656,16.69230723518001,3114671.932533961,9.0,Visa,Orlando,femelle,0.0
43.683325198742594,163111.770273356,3.150433246693055,3432437.2117710896,10.0,Visa,Miami,femelle,0.0
43.33498450072032,481813.6078984104,47.74037753786779,6152480.533902433,9.0,Mastercard,Orlando,femelle,0.0
52.90382536474444,370922.26048917486,30.81290078703754,8220020.530590637,3.0,Mastercard,Houston,male,1.0
35.85089602012339,524335.760472364,56.91240689302892,7206965.430924106,11.0,Visa,Miami,male,0.0
26.36171275367909,458354.1373324725,53.76907192858565,4010605.2288624807,22.0,Visa,Orlando,male,0.0
51.31872530260444,389228.1560095867,4.174143862318694,1323395.8333552931,10.0,Visa,Orlando,femelle,0.0
42.779179891478094,155883.06626326646,55.83317866378092,2563491.5848210105,13.0,Visa,Miami,male,0.0
56.28425165375676,400970.05383494525,60.44041270221533,5509079.473913851,15.0,Mastercard,Miami,femelle,0.0
45.79863498788666,144031.0163207648,82.09470024589706,5486669.650696496,5.0,Mastercard,Miami,femelle,0.0
30.747558263461308,75000.0,50.657267479604265,5855104.2262980845,12.0,Visa,Miami,femelle,0.0
35.47250295286076,456603.7694163569,34.524388422186846,3697899.9370292,12.0,Visa,Miami,male,0.0
32.14384402231276,146046.95664151557,17.23508681810933,3111217.304408607,6.0,Visa,Miami,male,0.0
42.76331345315083,374866.5760198412,12.205930327569092,10420576.652439537,8.0,Mastercard,Houston,femelle,0.0
32.10672777820712,574676.5703348832,56.32175644217868,2029958.8582905824,11.0,Mastercard,Houston,femelle,0.0
47.07874066240927,350487.45681885525,82.01815983777831,6401272.831980724,6.0,Visa,Miami,male,0.0
49.213324664379805,247118.06358950704,81.2470901874646,6176271.495608741,10.0,Visa,Miami,femelle,0.0
31.392849370205923,293776.3343133931,61.00256962435759,3164920.634894605,9.0,Visa,Miami,male,0.0
31.8099524183372,193497.6835662672,57.72332995996777,6217550.8000786975,1.0,Visa,Houston,male,0.0
44.47862759062448,363886.6450652117,59.49484209679783,11710913.231184889,12.0,Visa,Miami,male,0.0
42.4185832027862,152885.27345061934,54.73434242052787,6507724.323114311,9.0,Mastercard,Orlando,femelle,0.0
34.72780938672263,378890.5920381976,38.106540256756624,4016614.83236761,3.0,Mastercard,Miami,male,0.0
43.46849968153504,221866.0644144355,28.593589026963247,5131724.905631471,5.0,Visa,Houston,male,1.0
48.05128832021244,342035.39190037415,70.55437497559066,2859113.320386598,17.0,Visa,Orlando,femelle,0.0
39.21023284435461,399325.31309212494,72.21506344829284,3060414.5615704563,9.0,Mastercard,Miami,male,0.0
28.4582817119783,213927.0129134822,21.7906516717445,1571172.3608503537,11.0,Mastercard,Orlando,male,0.0
29.40123375253808,358868.40277057805,51.49371685273771,816414.6864035707,7.0,Visa,Orlando,femelle,0.0
31.03092789793662,318586.0224781607,50.645296215425056,6113161.21464609,14.0,Mastercard,Miami,femelle,0.0
36.38687128658442,147029.79994581096,52.91233993653783,6188959.046023589,6.0,Visa,Houston,femelle,0.0
39.60987478525508,75000.0,46.972050161171815,5139383.8194625685,13.0,Visa,Houston,male,0.0
33.902932411887214,395358.9789660825,58.95861465545894,4008024.0128710046,8.0,Visa,Orlando,male,0.0
38.02743156592341,174245.71799987886,65.98136146284598,3621184.103727559,5.0,Mastercard,Miami,femelle,0.0
37.979001049578905,541543.9470724306,56.14006120010723,10031718.77892337,10.0,Mastercard,Houston,femelle,0.0
36.59345601306759,252013.90829956293,40.365658981289485,2261963.7179123987,17.0,Visa,Houston,male,0.0
32.753622293030816,283720.8236152728,28.98117667622079,7487295.320055007,10.4,Visa,Orlando,femelle,0.0
41.34921094088156,236014.312075414,54.34811705454007,3229334.101083095,8.0,Mastercard,Houston,femelle,0.0
39.762489677712175,300270.5259534621,55.61782253202343,6030663.731119807,4.0,Visa,Miami,femelle,0.0
48.0584348597861,515045.0413226817,30.12158141649213,25000.0,14.0,Visa,Miami,femelle,0.0
37.09350393289164,551140.6149106695,83.30504467889392,4781532.702228974,5.0,Visa,Miami,male,0.0
40.45208518772445,304916.0456333672,65.62350672575198,2957673.30102446,13.0,Mastercard,Houston,male,0.0
30.65794067280063,256086.3121841318,79.09076921775515,2738877.065414762,11.0,Visa,Miami,male,1.0
41.9189820182778,327130.66672236484,52.92828583685207,4761871.579939063,6.0,Visa,Orlando,femelle,0.0
57.685517808126114,427025.9918203748,39.551705432449815,7072102.668045911,10.0,Visa,Houston,femelle,0.0
54.91238824329407,154075.81611255644,59.24308192119355,3951725.148092878,8.4,Visa,Houston,femelle,0.0
39.460427531558544,448159.2773886899,71.37099116910599,25000.0,9.0,Mastercard,Orlando,femelle,0.0
39.84545356582532,479576.77971928695,68.83238027102982,7898441.037227888,20.0,Mastercard,Houston,femelle,0.0
34.23635943459953,519966.358678287,44.41299505886157,25000.0,11.0,Mastercard,Orlando,male,0.0
47.54350895917787,370502.0491869992,27.73871797625645,6666196.58195522,17.0,Mastercard,Houston,femelle,0.0
30.03959021196804,116645.30775191414,37.38272978633182,5084960.791033292,4.0,Mastercard,Orlando,male,0.0
42.36112783469933,303465.65190010966,53.58828342097683,6779162.150849063,7.0,Visa,Miami,femelle,0.0
34.564440120658006,597851.4616522259,93.4238572212499,5851783.6628141645,7.0,Visa,Miami,male,0.0
38.10770093305172,206134.0434402336,36.26790936303598,1511868.6820167163,5.0,Mastercard,Orlando,femelle,0.0
32.67395967093152,139884.91005592508,74.33446984995894,2850817.1188977617,6.0,Mastercard,Orlando,male,0.0
41.136137205996754,75000.0,36.98223380866821,4893777.682863947,15.0,Mastercard,Houston,male,0.0
28.334295089449995,405273.4560815016,70.90112290462412,3073302.564668032,6.0,Mastercard,Miami,femelle,1.0
47.21673049270615,448788.9464830432,28.46090918244107,7249094.064334607,10.0,Visa,Houston,femelle,0.0
60.0,148920.75187095325,54.90583485273871,5713625.469046602,6.0,Mastercard,Houston,male,0.0
52.30041055227475,234712.77044922477,51.699459252716544,6260929.452455613,10.0,Mastercard,Miami,male,0.0
40.6371966609114,432986.9239136474,60.424599812890825,5028279.08169132,8.0,Visa,Houston,femelle,0.0
42.365324411856,395530.5237593105,37.54772200081362,7428625.664758821,12.8,Visa,Houston,male,0.0
35.96461853362264,400652.6707376655,62.800532367686586,7291708.725726933,11.0,Mastercard,Houston,male,0.0
42.372581413554464,271956.3763670034,46.42586230873009,7514042.163608931,8.0,Mastercard,Miami,male,0.0
38.131144312137074,421388.7942184948,22.12364704251589,8759174.630731743,9.0,Mastercard,Houston,male,0.0
35.83495514750161,103853.61283598392,56.5964612173702,2244150.6244309023,11.0,Mastercard,Orlando,male,0.0
39.6985030340621,503370.8009147252,50.18790709151699,6691020.962810468,13.0,Mastercard,Miami,male,0.0
39.16950012477626,98260.83194022416,79.8828379453365,3499541.956355812,21.0,Visa,Orlando,femelle,0.0
27.1623599216175,343992.6643507278,8.313367573143992,4704174.802985968,5.0,Mastercard,Orlando,male,0.0
53.183020846269386,242612.42359163496,53.55659599410868,25000.0,9.0,Mastercard,Houston,male,0.0
57.547596402307086,466636.671710165,52.86811922142609,4390494.413045963,6.0,Mastercard,Miami,femelle,0.0
39.94015362607403,365062.1414022803,66.30648333618029,9448498.59915772,12.0,Visa,Orlando,femelle,0.0
51.82496980879587,197688.78029643252,58.16192117139889,5022052.024759097,1.0,Visa,Houston,femelle,0.0
24.0,487792.1181769736,31.46973490440504,5761050.662894291,4.0,Mastercard,Miami,male,0.0
57.4858449337806,75000.0,62.62837212544813,5015615.785684839,13.0,Mastercard,Houston,femelle,0.0
48.44881001335991,255045.9756100666,50.98189462611343,5948821.340779141,10.0,Mastercard,Orlando,male,0.0
45.85720980843789,112565.26321139926,26.52739214906404,4929818.119268161,7.0,Visa,Orlando,male,0.0
24.0,297974.5133110535,60.560720090959286,4856042.615448257,9.0,Mastercard,Orlando,femelle,0.0
31.45183396734049,86002.61837844792,75.6276679624727,12524918.819169687,12.0,Visa,Houston,femelle,0.0
36.16025483081019,206599.23501714252,69.26453067787878,2385228.586794716,15.0,Mastercard,Orlando,male,0.0
40.13655363571468,445189.79231474845,22.766499390727382,11531880.342647197,11.0,Mastercard,Houston,femelle,0.0
35.24397043240794,341250.3447437716,36.31515638969513,8777851.134308506,14.0,Visa,Miami,male,0.0
43.07950468991985,495744.4033185629,49.84651872630993,2599474.104007688,17.0,Visa,Miami,male,0.0
39.18317552886849,233864.6717083717,67.77975498367286,6764413.854027979,11.0,Visa,Houston,male,0.0
36.91197939480448,290418.325075298,45.98857638688463,1875641.1446755445,12.0,Visa,Houston,femelle,0.0
43.24659269339051,75000.0,60.00225659241733,1766768.1952089695,12.0,Visa,Orlando,femelle,0.0
52.93635939617346,468514.0930643643,78.08632563989904,159895.29138518032,12.0,Visa,Orlando,femelle,0.0
36.801386125707786,135619.3783801924,47.50563683527028,5034109.726395482,2.0,Visa,Miami,femelle,0.0
52.30041055227475,234712.77044922477,51.699459252716544,6260929.452455613,10.0,Mastercard,Miami,male,0.0
43.28306621429513,75000.0,48.37613631729061,1680967.5287686735,2.0,Visa,Houston,male,0.0
43.162458021194645,318029.7838119083,35.10042465029889,5485374.62180816,6.0,Visa,Miami,male,0.0
39.3696927993576,262332.32480363385,34.13557605585931,6312518.610419109,4.0,Visa,Orlando,femelle,0.0
39.48182192161699,153309.1746671042,19.666749074281565,3834478.798643442,14.0,Visa,Miami,male,0.0
55.48688820544484,328533.48327673407,77.66271293556305,4500543.247155363,9.0,Mastercard,Miami,male,0.0
56.36523638141723,111260.30559490682,49.64144063500402,5221660.808373662,3.0,Visa,Orlando,femelle,0.0
43.840508943232834,417473.3484019762,24.045432486375347,1445144.1763217752,11.0,Mastercard,Orlando,femelle,0.0
39.43821103540299,403016.11057550326,49.75268123515271,6225456.0144394105,4.0,Visa,Houston,femelle,0.0
25.39473603468313,135624.1255494063,70.14235646824746,490534.79120119475,6.0,Visa,Orlando,male,0.0
39.46701441984998,265382.0771845917,61.7631452887173,6756564.598570603,13.0,Mastercard,Houston,male,0.0
33.994237324057494,230589.5028005493,38.26610822476255,4098291.828244253,12.0,Mastercard,Houston,femelle,0.0
42.65665169133448,205868.9995883891,55.34665664807294,6709629.127938569,3.0,Mastercard,Houston,male,1.0
41.870920808073976,294758.7749312051,71.12576967492245,4193966.3674251297,11.0,Visa,Miami,male,0.0
50.24990922818384,198969.0528154136,42.34443196580883,4080813.7187404414,9.0,Visa,Orlando,male,0.0
43.35240587802768,75000.0,77.05518061229526,6105056.011522913,15.0,Mastercard,Orlando,male,0.0
36.98861956329444,399051.4581844023,29.686735382403487,6757413.196530373,8.0,Mastercard,Miami,male,0.0
40.41965909511555,425548.67319505103,15.158350845880719,10187902.598134268,8.0,Visa,Houston,male,0.0
25.21393175937268,290188.4649606909,69.88757461984093,4880839.93094268,10.0,Mastercard,Miami,femelle,0.0
36.51938206738947,213809.72127249133,40.40950010736432,8648019.61673443,1.0,Visa,Houston,male,0.0
44.49178103860906,342202.25212343654,48.796910011897445,4139834.9155398114,10.0,Mastercard,Houston,male,0.0
30.36869080826896,211377.2477862856,68.61066638649183,6936794.236878637,7.0,Visa,Miami,male,0.0
29.972786253639853,395985.4435728127,53.873235290335984,3767426.924511284,8.0,Mastercard,Houston,femelle,0.0
52.7161842888309,285859.6393852649,57.865902763329615,8622509.584855761,4.0,Mastercard,Miami,femelle,0.0
39.898290262829114,292513.4650438257,68.99778136498584,6236213.411198072,13.0,Visa,Miami,femelle,0.0
38.1971881196464,479132.1724520988,71.68955049714575,5056997.246779613,10.0,Mastercard,Houston,femelle,0.0
32.944313885862606,349296.6038707213,36.213418638398565,5513561.431236989,4.0,Mastercard,Miami,femelle,0.0
44.32471633449793,171383.6355679175,81.5668535499457,3165184.5613862453,18.0,Visa,Houston,femelle,1.0
32.57387329075203,561973.5947391932,79.97092721339708,9561920.288051134,10.0,Mastercard,Houston,femelle,0.0
47.04847113645947,218805.13575566403,71.50042429021819,3019556.3979905723,15.0,Mastercard,Miami,femelle,0.0
44.74831545834553,239295.62147050104,50.616142699959,9109604.670085732,15.0,Mastercard,Miami,male,1.0
38.17221964952368,278026.2802136524,60.74359629083472,2159051.7031479552,5.0,Visa,Houston,male,0.0
38.05271757945674,268163.3535240104,55.14942329588131,6884308.909501115,12.0,Visa,Orlando,male,0.0
36.56770201525868,311561.79170722404,95.37983223318906,25000.0,7.0,Mastercard,Orlando,male,0.0
45.87285068645799,497401.1129577748,34.57461166645038,7375235.822026167,14.0,Mastercard,Miami,femelle,0.0
41.478869232482914,527763.3045978269,15.69813305634922,11315259.918003509,2.0,Visa,Houston,femelle,0.0
55.86963308383001,161075.51047751875,50.45000776490879,4879888.377436702,6.0,Visa,Orlando,femelle,0.0
43.22639683333459,199347.77315063195,14.219752189971175,5882049.197919893,7.0,Mastercard,Orlando,male,0.0
31.712304571146884,150159.5435631613,60.99148632128888,6645389.820621712,10.0,Mastercard,Orlando,male,1.0
46.38472838929249,75000.0,23.716009407537815,2076642.3571691127,14.0,Mastercard,Miami,male,0.0
38.76280234751333,210392.84084322857,47.32744540546457,6639769.177065916,10.0,Mastercard,Houston,femelle,0.0
39.06742922837337,332750.8125663241,82.5066061815039,3524700.162031392,10.0,Visa,Houston,femelle,0.0
37.21980045984914,330110.78111375845,69.32250651060622,4761810.855843519,16.0,Visa,Orlando,male,1.0
52.12331052278567,339672.2527427061,42.2483821748886,9644024.662456077,8.0,Mastercard,Houston,male,0.0
49.33774186643498,450123.0746652621,46.51112131429436,1617227.1463737106,19.0,Visa,Houston,male,0.0
44.98673840539863,512104.3703342981,44.28626903815473,2502831.6650916715,16.0,Visa,Miami,male,0.0
37.31866421418892,567252.7179700277,51.4643890062493,4826401.522356977,4.0,Mastercard,Orlando,male,0.0
52.16073392792881,321512.64460222144,58.66904883398961,7181367.444456479,3.0,Mastercard,Houston,femelle,0.0
45.86543453938046,199303.86129433708,63.146421902390784,1871215.2145737866,9.0,Mastercard,Miami,male,0.0
36.390249384448985,177877.01151035947,56.50970224649235,5204620.347808509,16.0,Visa,Houston,male,0.0
38.3249950935047,251373.4708439038,36.56165379070019,7723557.15472961,2.0,Mastercard,Orlando,femelle,0.0
44.24295351199039,388058.6301891803,21.37623333528496,3922605.115673376,2.0,Visa,Houston,femelle,0.0
39.20548529766374,416033.655931022,3.0,706657.5716862353,10.0,Mastercard,Houston,femelle,0.0
37.59460511645054,367154.4399592518,60.49169366095229,2068783.561575797,24.0,Visa,Houston,male,0.0
42.68677811776056,475287.0546410072,75.90014299876836,8083877.006773394,10.0,Mastercard,Orlando,male,0.0
45.17523618605253,208337.24062849235,42.74288745252786,6567335.6327800825,12.0,Visa,Miami,male,1.0
46.47726024118593,454072.6553839727,44.56539920260583,4056195.657673853,16.0,Mastercard,Miami,male,0.0
44.84410920899332,142150.5795595207,73.70326062878681,7100629.542556296,5.0,Mastercard,Orlando,femelle,0.0
45.336523781826834,527297.7141485703,68.88429680503629,6354042.643593898,9.0,Visa,Orlando,male,0.0
29.41080343326257,211512.69056251005,31.563526873595727,6575507.939786505,8.0,Mastercard,Miami,male,0.0
45.88105690443273,118101.4301065029,50.122629008704536,1810223.940406166,6.0,Mastercard,Houston,femelle,0.0
38.50218142794496,333028.3971307699,58.659003260585685,2609656.301992474,12.0,Visa,Houston,male,0.0
32.91428960160248,285568.1606939132,40.05938618668183,3876131.542021835,4.0,Mastercard,Orlando,male,0.0
37.554940460745634,97982.15068268482,48.27675791801011,9185305.719506891,6.0,Mastercard,Miami,male,1.0
43.44807753704061,419775.2006860831,57.17696145357837,2753564.986929269,11.0,Visa,Miami,male,0.0
46.38853338488472,298940.56431737554,39.89105580692946,631860.5199606996,13.0,Mastercard,Houston,femelle,0.0
41.90263632606669,443064.0383717031,41.30410613255566,5826188.702429626,12.0,Visa,Houston,femelle,0.0
56.40997554615571,231347.31574813832,42.381300748814304,8908785.265837433,8.0,Visa,Orlando,femelle,0.0
33.294588141347745,478579.4465576515,31.068709629443703,5561023.1644241605,10.0,Mastercard,Houston,male,0.0
24.0,361063.5575098248,30.69571846498904,1073947.6070325826,7.0,Visa,Miami,male,1.0
38.21382729253352,184377.9554078866,44.30408886705133,3777231.966020913,8.0,Visa,Orlando,male,0.0
24.0,536425.8791612068,45.08303365112033,5541404.425493619,4.0,Visa,Houston,male,0.0
52.548151883780434,460721.3895381839,40.05895026328636,5102431.680020637,8.0,Mastercard,Miami,male,1.0
39.90402124297821,115947.88840671963,56.21079275828408,6529661.743763585,10.0,Visa,Orlando,male,0.0
36.87074902197726,88765.98475388248,97.19228518200208,3371603.0848491048,10.0,Mastercard,Miami,male,0.0
43.73801772146232,218779.04902392463,85.39826135311186,25000.0,12.0,Visa,Miami,male,0.0
44.82970592435357,340752.53767500457,45.15249083789777,4264241.216135633,9.0,Visa,Orlando,femelle,0.0
25.854744705974145,120119.3512356535,49.40392436297119,25000.0,11.4,Visa,Miami,male,0.0
33.0064058398868,208018.21612860053,27.83005818406433,5404404.26987061,7.0,Visa,Miami,femelle,0.0
41.61599208605857,484849.2907821996,53.68238796656339,4729271.355679034,8.0,Visa,Houston,male,0.0
39.723486081249575,381363.5954298153,45.09655156297229,9301653.404588811,7.0,Visa,Orlando,femelle,0.0
46.40945411190546,422789.192751482,76.15928385098687,7847789.522846927,16.0,Mastercard,Houston,male,0.0
40.48628298001042,235435.8451798926,95.99938248772946,3226559.510223168,6.0,Visa,Miami,femelle,0.0
54.46104644536548,213826.99418755865,36.97425070033636,9662847.324833076,12.0,Mastercard,Miami,male,0.0
43.024370083423065,75000.0,44.57406873704719,3352284.0400622743,13.0,Visa,Houston,male,0.0
38.453272402563016,371705.67227884254,79.48964014756511,10029270.25353222,9.4,Visa,Houston,femelle,0.0
43.30517980762098,438456.7240840143,12.108376990553943,6241262.608842162,8.0,Mastercard,Orlando,male,0.0
40.85783430735322,288470.1889494507,71.85918221793337,8518903.097492797,13.0,Visa,Houston,femelle,0.0
47.38382052112345,577299.4603449826,59.820078919155065,94129.18978534266,16.0,Visa,Orlando,male,0.0
41.70259518935975,179022.0251315158,50.80615398660496,10610416.078463916,20.0,Visa,Houston,male,0.0
24.0,348651.8566792385,26.691169475578864,25000.0,9.0,Visa,Houston,male,0.0
49.14718485719642,311637.80842295865,19.50030119711881,3231729.7655393267,9.0,Visa,Orlando,male,0.0
43.837002556412585,625770.4001094904,66.31188489192326,7741134.957027772,13.0,Mastercard,Houston,femelle,0.0
44.907681325374696,531382.0817061176,59.7348300431612,12323767.53579602,11.0,Mastercard,Miami,male,0.0
43.20513310671869,448179.2373609764,60.79901801510206,4978232.904603017,10.0,Visa,Houston,femelle,0.0
29.33857247179837,302931.87671972724,66.79889079484056,4226826.315241114,13.0,Visa,Miami,male,0.0
51.195343413231065,362370.4088580668,30.206980676712725,4626354.5609407285,9.0,Visa,Orlando,male,0.0
50.99587985142048,350474.9683231351,30.452717650325788,1780726.014912154,14.0,Visa,Houston,male,0.0
25.95595529036298,357186.6982743148,60.47997911168656,5045369.784753661,13.0,Mastercard,Miami,male,0.0
48.38493407415324,365139.5474883107,44.74848681368756,3118916.444508816,14.0,Visa,Houston,male,0.0
41.22020706318093,275690.6846944764,20.252511071920463,8298391.314186959,12.0,Visa,Orlando,male,0.0
47.05917671831984,449275.1497737909,36.92515940386065,6378911.954224448,1.0,Mastercard,Houston,male,1.0
35.29809624544081,401695.4956344793,10.432301668538315,12337308.707341053,17.0,Mastercard,Orlando,femelle,0.0
34.44956465678542,457006.9070663645,68.65790710387617,3004904.329088225,14.0,Visa,Miami,femelle,0.0
24.0,330822.96413400304,58.576889020755765,5057872.641121828,10.0,Mastercard,Orlando,male,0.0
47.55508178268312,150771.54712986882,24.523253497315917,2400656.6901428048,11.0,Visa,Orlando,male,0.0
41.39157766730249,431490.8819763269,73.77612482386313,6989820.143793434,7.0,Mastercard,Orlando,femelle,0.0
46.91138839969957,83172.2778382015,54.00067574624656,5335945.797863773,14.0,Mastercard,Houston,male,0.0
46.056256520431816,286619.5053462498,75.82937778130727,6460526.206902473,10.0,Mastercard,Houston,male,0.0
38.08581482278519,126450.53165034542,47.56622628625461,1883796.6975119896,16.0,Visa,Houston,femelle,0.0
29.358189954869296,325234.5811775541,25.14998326161226,4236176.041958349,8.0,Mastercard,Orlando,male,0.0
51.32163621361459,430170.8189313669,3.0,5787925.963615071,3.0,Mastercard,Houston,male,0.0
43.973076919839166,357781.8978389031,18.52741955766031,6299552.201814628,11.0,Mastercard,Orlando,male,0.0
36.05665380040598,391014.32253096113,27.454289525861405,5756101.939804631,10.0,Mastercard,Orlando,male,1.0
39.29301369978883,363187.106803647,51.98028898974515,6141560.915948909,5.0,Mastercard,Houston,male,0.0
53.13142902177852,430755.387839822,30.637428042953463,4398255.621566592,7.0,Mastercard,Miami,femelle,0.0
41.456785966526894,111896.60213572253,48.44154528642968,8010097.678187437,6.0,Visa,Miami,male,0.0
33.064923320932266,317146.31295888714,42.55871349337348,4933074.383262706,19.0,Visa,Houston,femelle,0.0
40.11429769507191,258058.09201429848,53.60677381327775,3942220.7088067774,1.0,Visa,Houston,male,0.0
43.5954681275781,280109.3882639255,60.313212601667885,7038119.511722364,7.0,Mastercard,Houston,male,0.0
38.77716006548619,306995.60498489486,54.956925638036495,11053327.439525194,15.0,Mastercard,Miami,femelle,0.0
45.080800092783406,468102.8559633893,57.441629573347726,188811.57491031382,9.0,Visa,Orlando,male,0.0
35.28597015363946,220050.9420861069,73.09995121083236,4092951.301004748,8.0,Mastercard,Miami,femelle,0.0
48.21983474682153,440605.112138052,68.30805940969874,7740821.652704103,3.0,Mastercard,Orlando,male,0.0
47.6240759857124,309507.5088956577,71.78544493862198,12638163.607828377,17.0,Mastercard,Houston,femelle,0.0
40.98743345362919,325496.1809623904,41.56835377119415,5103181.3859227495,8.0,Mastercard,Houston,femelle,0.0
36.911817617034416,299664.28252887283,3.0,4522551.585386816,17.0,Mastercard,Houston,male,0.0
31.290452716189264,292206.7843648833,65.59392364358989,2028037.7675022846,7.0,Visa,Houston,femelle,0.0
36.74746073256936,246921.15557698443,61.83142036906195,6312118.022539005,2.0,Mastercard,Miami,femelle,0.0
46.4534112173149,75000.0,87.7525024125201,2453286.0308886063,1.0,Mastercard,Miami,male,0.0
38.62803519689409,209866.9236219281,74.45615844266817,7608717.555960263,16.0,Visa,Houston,femelle,0.0
45.03791611526991,470468.3361487268,26.28156801626288,2248215.073468137,9.0,Visa,Houston,femelle,0.0
43.04661134676203,147179.22036139297,24.40704303301514,6405593.770715373,18.0,Visa,Orlando,male,0.0
43.105486365237866,275734.90782514965,99.0,6947443.163211261,10.0,Mastercard,Orlando,femelle,0.0
36.71976470768871,228590.61633332,58.05032419470643,4191518.7328880406,12.0,Visa,Houston,femelle,0.0
28.9816360858232,330591.5786273993,44.43760271267332,3313512.9741958184,6.0,Mastercard,Miami,femelle,0.0
37.41465867438012,568085.9946907002,52.74682649130209,2644046.239210285,6.0,Visa,Orlando,male,0.0
36.995928154884005,348788.92473443726,76.97386397291024,3676469.927618719,8.0,Visa,Miami,femelle,0.0
44.89815848084314,480980.3585181454,36.746170330239295,1059416.6049380167,11.0,Visa,Houston,male,0.0
24.0,75000.0,55.76300083080509,1155527.0813935269,12.0,Mastercard,Miami,male,0.0
45.54964890028948,170521.54317497578,40.7921533468669,5623760.202151873,12.0,Visa,Houston,femelle,0.0
60.0,362777.18387355824,46.365329247681885,5285083.655816219,10.0,Visa,Miami,male,0.0
48.57344299112472,253060.6549214979,38.23962961926066,9784760.624258043,12.0,Visa,Miami,femelle,1.0
36.23395920700175,274323.0945305401,43.30792290939409,9096681.111296533,16.0,Mastercard,Miami,femelle,0.0
51.638609393173205,75000.0,45.93363429164987,4056668.629107112,19.0,Mastercard,Houston,femelle,0.0
43.91342680510235,261116.7280493861,57.74296632121813,3187910.343575687,13.0,Visa,Houston,femelle,0.0
39.04352994698883,300982.2986706809,11.535674275804958,1098649.313234259,20.0,Visa,Orlando,femelle,1.0
30.68269321190084,156579.6445562191,50.878010662467766,9703374.529386992,13.0,Mastercard,Orlando,femelle,0.0
37.54203019470615,515043.752973142,26.436406253314463,3165452.5938849356,9.0,Visa,Orlando,femelle,0.0
49.73157909821664,171267.595234256,47.6702329473793,7696180.322040932,9.0,Visa,Houston,male,0.0
44.56912993630459,309883.741290336,59.8400810820592,7531854.201556793,13.0,Mastercard,Houston,femelle,0.0
49.89465972901813,161359.73961073926,46.0286162623808,3232518.836033174,10.0,Mastercard,Miami,femelle,0.0
51.065556122634746,214668.45372039464,20.757790896091706,9814803.505261704,1.0,Mastercard,Orlando,male,0.0
43.56542325665539,75000.0,92.97412587874103,6867137.355419356,2.0,Visa,Orlando,male,0.0
38.95110929055614,239982.0508048304,46.14387825385175,2722449.361497487,3.0,Visa,Houston,male,0.0
50.77552995511196,331452.9095361732,36.47858569412781,3988920.87595587,19.0,Visa,Miami,femelle,0.0
35.37430321424197,430319.7507458324,55.02007086300293,843918.444666517,7.0,Visa,Miami,femelle,0.0
33.69538996877063,368880.6272399294,41.40017182770322,4064877.2225983567,2.0,Mastercard,Miami,male,0.0
40.97168851359637,250497.0387442544,34.106816317083926,4084072.5394443055,10.0,Mastercard,Orlando,male,0.0
55.41028683884315,601270.9516472549,21.17316508569261,5986047.048489449,10.0,Visa,Miami,femelle,0.0
27.1623599216175,343992.6643507278,8.313367573143992,4704174.802985968,5.0,Mastercard,Orlando,male,0.0
38.44406812108179,75000.0,53.27848127186859,8052594.271791879,9.0,Mastercard,Houston,femelle,0.0
33.974369747272235,146006.17756737315,54.67190162523153,6451523.375079384,16.0,Visa,Houston,femelle,0.0
38.95359525018436,125219.70000520672,71.9916892865534,7453976.297772011,13.0,Mastercard,Orlando,femelle,0.0
44.567565556830985,120993.6347185027,36.124667850065,5318217.729160515,13.0,Visa,Orlando,male,1.0
50.30746898002711,366264.0974474219,26.561321415536103,548062.8215977475,9.0,Visa,Houston,male,0.0
35.36812624048076,133990.05184058237,34.63128966193014,898020.6161451326,4.0,Visa,Houston,femelle,0.0
45.1323331594881,271710.77562787675,26.04935377469676,8413573.327908115,3.0,Mastercard,Miami,male,0.0
47.134724636758506,254175.08054195208,47.41405085928984,6585904.446003677,7.0,Mastercard,Miami,femelle,0.0
35.21376532641722,257723.27259043505,48.25969553363725,25000.0,5.0,Mastercard,Miami,male,0.0
40.024480933908585,454440.654212954,80.81504753033545,3075752.629929697,12.0,Mastercard,Houston,male,0.0
29.020722099509545,331131.3442333113,54.56964355436384,7914032.853624444,6.0,Visa,Orlando,femelle,0.0
37.69173679454563,356109.3132196565,54.69856250176231,3226353.1422728784,10.0,Visa,Houston,male,0.0
25.76448859661255,424025.7946063671,43.193190342341936,2774470.516974573,17.0,Mastercard,Houston,male,0.0
46.32607449786023,394683.6535457675,64.73526690335794,4158284.8802043423,3.0,Mastercard,Houston,femelle,0.0
41.20108523164963,509514.0266097737,47.32441254957521,2415669.711607141,12.0,Mastercard,Houston,male,0.0
34.92580226546149,326340.5324706555,13.618979693949044,9355779.896944163,4.0,Mastercard,Houston,male,0.0
37.516825569952246,217332.56399390567,90.12817275425874,2473112.8496897942,14.0,Mastercard,Orlando,femelle,0.0
34.12263125058512,423402.3639861216,38.64384315631789,5208879.919320874,17.0,Visa,Orlando,femelle,0.0
24.0,149202.73110041468,42.81429391387167,1759198.820657922,13.0,Visa,Orlando,male,0.0
28.62212398794501,314034.7058673286,79.41323981304578,4211478.501612821,8.0,Mastercard,Houston,femelle,0.0
43.771130102119926,347821.2509442384,67.31349302334739,3837534.010190929,1.0,Visa,Houston,male,0.0
37.5989697053744,428740.5645272808,65.86524991910062,6189883.817664372,12.4,Visa,Orlando,male,0.0
43.27312738220795,140129.59329768625,20.439954893916312,10858833.661998522,6.0,Mastercard,Miami,male,0.0
32.175815811819454,198014.1154879753,27.695655440581618,7153216.119976938,18.0,Mastercard,Miami,femelle,0.0
37.82058479255303,225644.10801376504,81.57890185435951,4789910.669575866,1.0,Visa,Miami,femelle,0.0
41.06078137620881,317476.2078713806,69.67472087807127,3950343.95263099,9.0,Visa,Houston,male,0.0
38.71940410713356,508718.6950433913,67.75607871157698,5160152.817437065,8.0,Visa,Miami,femelle,0.0
36.937460152106,133969.4562698915,32.711393726529245,6264080.762920125,10.0,Visa,Houston,male,0.0
24.46001847230584,230107.3532891924,68.44962340466219,4763741.341266079,5.0,Mastercard,Houston,femelle,0.0
32.07501421298194,257819.46068958496,71.21600143611894,3851002.356549627,7.0,Visa,Miami,femelle,0.0
28.629200437451622,452308.8493012835,75.9974248706121,4851600.286030245,15.0,Visa,Houston,femelle,0.0
26.50176736287065,679555.4502962534,41.57034005667275,8422357.401357424,5.0,Mastercard,Houston,male,0.0
39.92672769172276,266020.87914257427,46.959621887346046,5065139.055454528,18.0,Visa,Orlando,femelle,0.0
33.19219935454748,75000.0,46.993432524725804,5090421.983945532,9.0,Visa,Houston,male,0.0
45.41085638139927,241589.4657711935,67.09807845272805,4754377.468427483,11.0,Visa,Orlando,femelle,0.0
49.50170707310764,269260.1288637588,84.10724713026168,5369056.020580267,11.0,Mastercard,Orlando,femelle,0.0
39.43275709978105,432836.5622542568,27.697474746730247,2578352.9675466805,12.0,Mastercard,Orlando,femelle,0.0
45.65204370837802,235350.56996702804,33.72670849724895,4481559.944319781,3.0,Visa,Miami,femelle,0.0
31.55740673126032,229839.19742121268,58.9682649895822,6525605.952881392,7.0,Mastercard,Houston,male,1.0
47.42412527321349,226587.8648258369,40.25665633941711,11999049.254758064,8.0,Mastercard,Miami,male,0.0
47.36820671784795,476550.0955185506,82.43747495570102,4085996.498733032,2.0,Visa,Orlando,femelle,0.0
39.30929713402619,454978.4796544722,54.66570082175744,10502403.693087172,12.0,Mastercard,Orlando,male,0.0
24.95651564749535,328191.2664649135,27.498073459539416,5213268.731226754,13.0,Visa,Houston,male,0.0
42.22012687105512,490441.9893899764,33.472694294682626,2221282.662234348,7.0,Mastercard,Miami,femelle,0.0
37.43372910518401,354113.3631995752,41.23145265569453,7981220.788603872,11.0,Visa,Miami,male,0.0
40.91953417407306,160032.1366970787,34.78798671149722,3065312.424066987,14.0,Visa,Orlando,femelle,0.0
24.0,202283.61752044785,52.429571586581154,25000.0,5.0,Mastercard,Orlando,male,0.0
44.21984666422184,412978.4924598824,56.43305319183172,12570119.994198672,13.0,Mastercard,Houston,male,0.0
43.8767310307142,378378.1149663585,39.01747038020845,25000.0,10.0,Visa,Houston,femelle,0.0
40.5877024880591,124225.30492912122,35.7191651244509,4244663.978220862,7.0,Visa,Houston,male,1.0
49.30400775764243,242895.8064307361,44.62756752123872,2096742.9813587,12.0,Mastercard,Houston,male,0.0
38.60900943748331,234729.18780569485,61.82181062650443,2844548.0445166505,13.0,Visa,Houston,femelle,0.0
51.94362098203062,75000.0,66.09885147274694,2161058.5317566106,8.0,Visa,Orlando,femelle,0.0
32.280853598508926,75000.0,49.34251029695132,8709468.53655253,3.0,Visa,Orlando,femelle,0.0
43.33676259538597,486424.0339990241,42.16658780991935,4070465.295907781,4.0,Mastercard,Orlando,male,0.0
51.18275445625199,145334.0920058605,42.76566024365471,715798.4716836652,13.0,Mastercard,Houston,femelle,0.0
35.3797258878463,212525.14241160656,23.209641528699255,2536140.847781422,14.0,Visa,Houston,femelle,0.0
48.17570524048003,579629.9288831025,51.09223565820141,5939725.081080849,15.0,Visa,Houston,femelle,0.0
30.56178600500393,318657.7150361571,50.01119984679391,5657612.562900765,12.0,Visa,Houston,femelle,0.0
36.99912804045148,231348.45105173503,44.824711762552425,4998563.845794483,17.0,Visa,Houston,femelle,0.0
38.77391557280556,495093.8101583938,52.66998838122743,25000.0,5.0,Mastercard,Orlando,femelle,0.0
37.25331859318041,328948.44626593945,11.924811887108135,733824.5084962072,10.0,Mastercard,Houston,male,0.0
47.022608249913006,306685.4416333907,54.479899378020974,4159666.976749981,18.0,Visa,Houston,male,0.0
40.65021734072855,79146.89077338335,75.7826367087489,3387912.232059801,17.0,Visa,Miami,femelle,0.0
47.245740803978926,178655.41606112994,19.631686023426347,2912957.7675004546,9.0,Mastercard,Houston,male,0.0
40.72899893802702,257586.10085559476,47.7574711277731,25000.0,9.0,Visa,Orlando,male,0.0
39.43330521667128,226408.1648960021,63.38876743084937,4771165.544781252,5.0,Mastercard,Houston,femelle,0.0
46.72485370226707,461179.4685344896,82.47058421783612,9032853.725703789,10.0,Mastercard,Houston,femelle,0.0
49.8436803820798,75000.0,66.52291232081032,89594.40706762578,11.0,Visa,Miami,femelle,0.0
36.50788109387565,254348.2693419073,79.10802675452383,887473.8655129834,21.0,Visa,Miami,male,0.0
40.13099393545035,361153.46052557655,59.991178164984056,2586915.494712149,18.0,Mastercard,Orlando,male,0.0
47.17437865626588,84058.78038017591,58.17221495127835,7178107.997688001,19.0,Visa,Miami,femelle,0.0
49.76440483144986,273197.86685880244,48.52030436927462,3754725.989824014,5.0,Mastercard,Miami,male,0.0
40.51526017945554,228669.8329896968,67.9660509937807,2149542.409844384,5.0,Visa,Miami,male,0.0
29.202802638238875,337642.65310680645,23.69123468225476,25000.0,14.0,Visa,Miami,male,0.0
26.35232724087412,357631.3832474193,39.96016079637591,8828791.963620663,4.0,Mastercard,Miami,male,0.0
46.05741456881618,118584.70065614118,65.2759954472652,9599037.626747549,13.0,Mastercard,Orlando,femelle,1.0
60.0,243370.32771602625,99.0,7548934.3481199555,13.0,Mastercard,Houston,male,0.0
30.73117389072412,423385.93818007206,40.80517209873922,1645304.181931906,12.0,Visa,Houston,femelle,0.0
43.82512460444647,76184.69742819542,35.88488875545604,10588607.36420053,9.0,Visa,Houston,male,0.0
31.05181212630694,308986.46611192555,68.35544301103,2506136.31355433,2.0,Visa,Miami,femelle,0.0
41.99687566567769,111140.26328277099,71.79259045818323,3083044.8377999677,11.0,Visa,Houston,femelle,0.0
39.00062723741148,303183.39762513875,45.69223422279847,5876796.368467136,13.0,Mastercard,Houston,male,0.0
44.60449540664292,284691.5414056728,43.50516129836052,817106.7493867464,1.0,Mastercard,Houston,femelle,0.0
52.557028695515946,92322.2970862505,67.43448848368273,6884236.090700746,14.0,Mastercard,Houston,femelle,0.0
42.10002312681467,267599.786764033,71.54587346031386,3005897.2845469583,1.0,Mastercard,Houston,femelle,0.0
48.38563174140221,577180.0493553155,38.738378458952525,9671482.669095978,8.0,Visa,Houston,femelle,0.0
44.32014241378513,227402.34905991703,57.89514778215987,1673705.3137850147,11.0,Mastercard,Houston,male,0.0
34.477790134102364,292128.9215905426,53.89935411981517,9674884.870317344,13.0,Visa,Orlando,male,0.0
50.1332900255873,259835.17219127328,30.757175436192306,8949034.512558559,10.0,Visa,Miami,male,0.0
35.05459966319865,253232.1640115963,36.69908163993776,12807439.62462294,9.0,Mastercard,Miami,male,0.0
39.0088610941184,191647.8893077456,43.056770351631,25000.0,17.0,Mastercard,Miami,femelle,0.0
46.1232172481068,438290.4567011425,61.09277416263615,6293851.450658895,5.0,Visa,Orlando,femelle,0.0
46.163708765497816,320897.944609434,38.693000949978114,737318.0443296703,9.799999999999999,Mastercard,Orlando,femelle,0.0
41.459472296751954,138252.74000561584,49.14351241848962,3194308.5172021594,14.0,Visa,Orlando,male,0.0
50.70873710636485,102768.20033933822,46.87181442414395,7350396.9449742045,13.0,Mastercard,Miami,male,0.0
37.52392091258216,108384.50942319859,69.43860686881268,6938960.489407476,15.0,Mastercard,Miami,male,0.0
38.23416994433307,75000.0,19.88504398871667,8712109.380690798,3.0,Visa,Orlando,male,0.0
36.609331694348135,398158.2201091145,50.70742834177278,3872215.26358593,4.0,Visa,Orlando,male,0.0
37.69479790061987,515126.555478049,30.22255304728832,14863283.562166216,11.0,Mastercard,Miami,femelle,0.0
30.76292529016925,92734.6217148444,53.72136864941093,11053419.34637909,9.0,Mastercard,Miami,femelle,0.0
37.87263940643558,315467.6888575807,53.65829127240512,3898657.4897830673,1.0,Visa,Miami,femelle,0.0
41.11084825944704,287067.4352988821,44.490353696419554,8301178.676836187,13.0,Visa,Orlando,male,0.0
36.16224882587091,103129.90448271751,39.60331708549548,6861502.697297488,10.0,Mastercard,Houston,male,0.0
44.24274321336464,395482.9810309897,49.29159718616981,12319623.400956504,14.0,Visa,Orlando,femelle,0.0
36.50989574255977,75000.0,57.473068112422965,2783783.824085217,15.0,Visa,Houston,femelle,0.0
41.19024507845844,391385.8246334629,42.77539614171254,1130971.7061168328,12.0,Visa,Houston,male,0.0
53.04103971899528,395536.2118504478,52.4158046500222,4896283.323542543,6.0,Mastercard,Houston,male,0.0
30.91491276193737,295677.5097617065,32.26721661590804,3383821.1589606763,12.0,Visa,Orlando,femelle,0.0
31.45821938369164,359645.62526644184,50.18453985990938,3590810.610531207,15.0,Mastercard,Miami,male,0.0
53.33330607382018,495165.30945361394,45.76220937603515,3436235.579431611,15.0,Mastercard,Houston,male,0.0
46.37144293313688,163811.23447297618,46.40739254548969,9451670.461303284,4.0,Mastercard,Houston,male,0.0
43.811441333737,270288.955477596,56.9923066205677,6155165.503813503,12.0,Mastercard,Houston,male,0.0
39.84702256117034,264209.1702428059,34.60667181977223,1612806.734503094,3.0,Visa,Houston,male,0.0
59.67897588023504,364252.9370657173,3.0,4258761.689576842,19.0,Mastercard,Houston,femelle,0.0
46.69187310371953,236310.27509667864,48.12781953267267,2588829.017315944,13.0,Mastercard,Miami,male,0.0
49.52379988154786,196190.22020029623,45.83589484020068,10035721.893046273,8.0,Mastercard,Orlando,male,0.0
27.174265227087236,356954.9516125669,23.225525877288533,4457577.664738322,3.0,Visa,Orlando,femelle,0.0
27.5245137669902,340357.9039523561,51.73522150925294,5118709.172400944,6.0,Visa,Orlando,male,0.0
44.736911202279344,402848.4588770566,39.32310712370163,6356823.132945737,14.0,Mastercard,Houston,femelle,0.0
26.53013945908761,525922.086116242,46.02661732354194,4018023.2747828127,12.0,Mastercard,Miami,male,1.0
49.03077990039512,277207.33147920214,87.37054376146182,2157407.777083664,2.0,Mastercard,Miami,male,0.0
35.60060134028524,75000.0,82.33043309027498,7883280.37169625,1.0,Visa,Orlando,male,0.0
45.14935002417992,457882.0966102124,67.92999340400331,13144450.818458963,21.0,Mastercard,Miami,femelle,0.0
48.51336561872835,424372.3552589313,92.34648288741909,2149686.292563052,6.0,Visa,Miami,male,0.0
42.65901466815688,372380.05647317774,62.91595283207423,25000.0,9.0,Visa,Miami,male,0.0
26.78205858117208,292086.73379988514,83.71403508069943,8850063.731864616,1.0,Visa,Houston,male,0.0
48.587301619283565,427711.49051439815,17.52164314860066,1477572.882556656,7.0,Visa,Miami,male,0.0
41.66288400853664,348237.68105591345,63.344378786090566,4638070.897610496,9.0,Visa,Orlando,male,0.0
32.18703747309155,303314.68142582686,83.84626038209751,3802230.062162114,5.0,Mastercard,Orlando,male,0.0
39.242291875525325,317226.7635416629,49.042821446944856,6282128.136412391,7.0,Mastercard,Orlando,male,0.0
41.08684721253032,243056.3254984749,36.3969526849636,2086430.3925860254,5.0,Visa,Houston,femelle,0.0
52.259043060700975,187032.40040691305,35.975009111918475,2265219.8702415624,7.0,Visa,Miami,femelle,0.0
31.18970808128137,380521.1203837356,57.25991406865375,3221602.300464059,10.0,Visa,Miami,male,0.0
32.231503767138136,498405.4829983469,50.00447895991576,25000.0,7.0,Mastercard,Houston,femelle,0.0
44.63127854455308,268132.2445930416,66.15479111968303,5056371.533923822,10.0,Visa,Houston,male,0.0
38.4553434079471,124602.71023702968,41.94333143050392,2928944.401621133,8.0,Mastercard,Orlando,male,0.0
48.2612601329761,454858.4097189595,91.20845396889398,3624804.9103616183,12.0,Mastercard,Miami,femelle,0.0
31.00897275899525,329651.3350431368,52.06235164891274,2021393.883863905,8.0,Mastercard,Orlando,male,1.0
32.492263154071324,403274.396184235,86.61487649662524,25000.0,16.0,Mastercard,Houston,femelle,0.0
45.32702258965112,287529.9711417759,35.146816684552434,3611250.861541019,12.0,Mastercard,Miami,male,0.0
24.0,82316.05516482625,76.32352163060044,5908915.620761849,4.0,Mastercard,Houston,femelle,0.0
37.89470982352139,262551.6692671621,48.75727867061383,288574.8638960887,8.0,Mastercard,Houston,femelle,0.0
41.244092830108485,218060.3986233803,59.78423649328602,3176570.0599110266,12.0,Mastercard,Orlando,male,0.0
46.439467125858606,380152.08201806765,38.663733643953215,5428065.236604891,12.0,Visa,Miami,femelle,0.0
33.679863225478336,600663.4955512756,60.74748045180509,9473499.21284054,7.0,Visa,Miami,femelle,0.0
37.50659291387813,249633.20733893669,82.58637034883225,2842034.939575479,12.2,Visa,Orlando,male,0.0
42.22385952175138,584418.491438152,33.243538776644364,4006282.073364815,9.0,Mastercard,Miami,femelle,0.0
39.39463141874349,387575.5622308589,29.83786986479144,6660882.228074696,6.0,Visa,Orlando,male,0.0
39.091262706384285,231279.4515237421,92.33606109927706,4873004.313019361,4.0,Visa,Houston,femelle,0.0
42.45631389801458,244280.6968368472,56.50503351708688,6831319.45942848,9.2,Visa,Houston,femelle,0.0
30.696488105176694,227005.32177160963,65.04966754148437,5232091.19085229,9.0,Visa,Miami,femelle,0.0
32.69233136294222,241091.06423612736,54.82818232740094,5541488.168234244,3.0,Visa,Miami,femelle,0.0
57.18637491029567,377523.7898736677,40.41292114687831,2171674.279308576,13.0,Visa,Houston,male,0.0
51.04111151094812,392244.18480701616,32.12333558721819,2795074.696228202,8.0,Visa,Orlando,femelle,0.0
41.8020534558688,486756.15123348846,36.78317606494839,7111894.0303827,12.0,Visa,Orlando,male,0.0
45.45871025647728,75000.0,50.20042303481138,6925637.184433308,14.0,Mastercard,Orlando,femelle,0.0
47.16636974588743,570812.5269629671,46.1067260995064,3889890.162295409,8.0,Mastercard,Houston,male,0.0
40.8130404282674,184343.6764288193,51.53036124487423,6473822.062178848,14.0,Mastercard,Orlando,male,0.0
36.10658941694722,217921.2316676264,45.90585532955424,6869707.689916452,11.0,Visa,Orlando,male,0.0
53.46651660742024,194169.30790823087,27.66118231795272,8822190.750548448,15.0,Visa,Miami,femelle,0.0
39.33462582452304,324921.0919617496,39.24112067333719,4066375.132478956,2.0,Visa,Houston,male,0.0
46.6519909354533,280549.0421957099,53.64560447075739,725086.4845537636,5.0,Visa,Houston,male,0.0
41.5596407392975,217096.05693247545,99.0,5340003.391715906,7.0,Visa,Orlando,male,0.0
41.49967505671129,324878.8540198009,48.38368853672885,2719146.684135219,8.0,Visa,Orlando,femelle,0.0
33.59527726121516,358151.98185492697,20.90215669421379,33081.9194897525,8.0,Mastercard,Miami,femelle,0.0
45.47588906842397,314319.3062037445,45.82164085258256,9976609.08336599,11.0,Visa,Orlando,male,0.0
45.78139859910639,219982.13313361493,28.336231066679,10331884.30409136,12.0,Mastercard,Miami,male,0.0
46.25197791568505,358774.30615741527,81.49172715524685,1610997.6220683893,12.0,Mastercard,Houston,male,0.0
34.73293825647644,88655.8879811941,28.242139757814837,6775403.573435048,8.0,Visa,Miami,male,0.0
24.0,166084.0039085774,60.138314402726216,1375089.4530220013,19.0,Visa,Orlando,male,0.0
51.36147951025559,175772.91541897375,69.89737387575877,6010709.7919298485,14.0,Visa,Houston,male,0.0
27.81462028660922,333935.7133001132,29.229182859284883,9675049.880425934,13.0,Visa,Orlando,male,0.0
40.699131431360975,348717.2391165172,51.74714850520528,2705452.315075691,9.0,Visa,Houston,femelle,0.0
38.43652122781789,75000.0,56.28045204972229,1310350.6541403783,6.0,Mastercard,Orlando,femelle,0.0
47.647486578646095,350297.5884595961,60.25087256798804,1246316.2538669729,6.0,Visa,Houston,femelle,0.0
36.02146282913864,439959.9908581478,18.555389118437407,3031895.7252780357,5.0,Visa,Orlando,male,0.0
38.27842941151856,159810.91576522932,52.82228993411186,8988602.731911574,11.0,Visa,Houston,femelle,0.0
43.63124183553078,293909.0652482205,51.854861315591045,6008968.907963842,10.0,Mastercard,Orlando,male,0.0
45.5779043711225,510847.13962619455,32.96765519626584,7836491.913978184,9.0,Visa,Orlando,male,0.0
44.53232789665325,338396.57196281565,36.459776464193126,2931033.485297168,5.0,Visa,Houston,male,0.0
36.8631056327926,441992.7462495655,36.06117079723806,3507891.400579212,1.0,Mastercard,Miami,male,0.0
32.14384402231276,146046.95664151557,17.23508681810933,3111217.304408607,6.0,Visa,Miami,male,0.0
57.92741244964634,207894.27576758835,54.48840076764501,9632277.990572136,4.0,Visa,Orlando,femelle,0.0
34.50614083546119,319020.87792619085,44.8080655638146,1302232.807493254,3.0,Visa,Miami,male,1.0
37.63955048155486,75000.0,63.22305857322693,6540564.107764206,4.0,Visa,Miami,femelle,0.0
47.98574124777384,75000.0,30.699088388476408,25000.0,7.0,Mastercard,Miami,femelle,0.0
37.313712488162,154727.45295571565,23.858033112017356,4579051.315858521,18.0,Visa,Miami,femelle,0.0
55.292848536506575,150410.25630473768,59.96223991289083,2826909.104589618,9.0,Visa,Miami,male,0.0
32.96285059559008,145558.35433658992,41.859682163864576,7953778.684687391,13.0,Visa,Orlando,femelle,0.0
29.408391326243496,253543.3782290141,9.965879965489329,6615509.469917131,14.0,Visa,Miami,femelle,0.0
28.805262673209832,358263.692051626,51.90700548665557,10287419.494608836,12.0,Visa,Miami,male,0.0
57.65175183907738,337090.7178163134,73.74854303364,4216973.827483059,15.0,Visa,Houston,male,0.0
38.5826550790819,171806.30373674014,30.55329992367624,6112555.67813299,4.0,Visa,Houston,femelle,0.0
47.84003388907115,368747.6908688162,21.6635294410162,25000.0,12.0,Mastercard,Orlando,femelle,0.0
46.87704629483877,522696.27928147616,32.99604508370689,1959182.472936594,14.0,Visa,Houston,femelle,0.0
40.300424613284505,132532.37172239288,84.61035903655917,1068062.647086882,2.0,Visa,Miami,femelle,0.0
29.377610612164556,75000.0,45.61175358055859,2354544.503043742,9.0,Visa,Miami,femelle,0.0
45.92813561069159,311936.9319834841,73.72831181035218,470020.48826237954,10.0,Mastercard,Houston,male,0.0
53.90387988098816,279536.6774583576,48.34972962177211,1688724.3121930505,12.0,Visa,Miami,male,0.0
42.13980311118449,202029.39151050887,38.110045551465554,4359701.908736226,2.0,Mastercard,Houston,male,0.0
38.35328112062925,354990.93705207075,32.81201578365599,6713307.885774105,9.0,Visa,Houston,male,0.0
52.80078277456383,75000.0,55.45035980459186,6350164.013555439,8.0,Visa,Houston,femelle,0.0
42.66208382909608,397600.1443188129,62.20470011387992,6070002.821749541,7.0,Visa,Orlando,femelle,0.0
24.0,294365.4735950713,47.81613810998895,7709174.500210799,8.0,Mastercard,Houston,femelle,0.0
51.018680236226736,127538.78169481608,46.34196865152146,1726859.8484177762,15.0,Mastercard,Houston,male,0.0
36.54159051352367,161647.30064071232,17.54050075992872,5558279.062627805,7.0,Visa,Houston,femelle,0.0
41.8456939925997,421253.93244985625,12.605366760900182,7263114.812366788,9.0,Visa,Orlando,femelle,0.0
45.0577305122548,512116.55859101727,19.848941107331584,4618524.209375347,9.0,Visa,Houston,femelle,0.0
35.7487087908926,467690.0734090728,72.25596391225812,6986918.427104906,15.0,Mastercard,Orlando,male,0.0
26.041916899157588,423021.539118459,44.65365953664382,6290428.922946114,4.0,Mastercard,Miami,male,0.0
52.67595500125647,606020.0828995379,49.44061171026036,7957845.149944164,13.0,Visa,Houston,male,0.0
34.12205429221832,261721.92427285743,58.65945856087271,5986674.610181123,4.0,Visa,Miami,male,0.0
28.14214861058153,332350.3156400428,26.45936737093858,8707829.60668431,10.0,Visa,Orlando,femelle,0.0
44.24693729653719,355488.84195065853,56.87195070356432,5927163.314312864,6.0,Visa,Houston,male,0.0
24.080429841431,75000.0,56.792285727689745,1671171.8962909076,8.0,Mastercard,Orlando,femelle,0.0
37.293111993039474,282951.473625144,63.57099309242104,4013331.509987572,11.0,Visa,Houston,femelle,1.0
38.083553128503205,267490.2316265308,16.55190948375295,1019367.3218989312,12.0,Visa,Orlando,femelle,0.0
38.898071516896586,334054.3290583418,53.86204661430193,5233811.889674629,10.0,Visa,Houston,femelle,0.0
46.37072015799066,241019.8494476715,86.1133775623253,5240958.717875635,11.0,Visa,Houston,male,1.0
52.707577409920894,182749.18914796688,35.051414935015906,12345760.964522172,6.0,Visa,Orlando,male,0.0
38.13433201434885,360914.1028273001,46.79922652841312,5727350.541907458,10.0,Visa,Orlando,femelle,1.0
35.11199100728297,75000.0,63.11108716576906,4772303.6447610175,7.0,Visa,Houston,male,0.0
41.93656536230374,314513.23776582006,87.9101469198271,3559513.150420867,1.0,Visa,Miami,femelle,0.0
33.220208875479486,95874.75325483814,33.10594002594034,5837720.303663,3.0,Visa,Houston,femelle,0.0
34.22744734127976,461718.8093692157,70.74010648738317,6522835.468829743,6.0,Visa,Orlando,male,0.0
37.24994784391912,171340.02350924708,53.5539609158048,4415631.136150293,11.0,Visa,Houston,male,0.0
50.17519636339155,296861.8443925385,71.62633915537073,4258485.163266801,1.0,Mastercard,Miami,femelle,0.0
31.47453841744347,415507.5163376379,61.23146941142209,5333670.004522574,1.0,Visa,Houston,male,0.0
53.74691196611101,491765.2436948572,48.75822603571425,5688010.679795023,9.0,Mastercard,Houston,femelle,0.0
29.084233171061754,180642.35047190828,40.59488567467285,2688146.1496239835,7.0,Mastercard,Miami,femelle,0.0
31.798247314100536,185030.03534703184,68.79470963494208,3959750.326975272,18.0,Visa,Orlando,femelle,0.0
43.29086104921152,88617.63029632298,42.58137792784663,6458861.914222684,18.0,Visa,Houston,male,1.0
26.221944528339847,249199.64191743635,42.59955068325512,5414929.732707225,11.0,Mastercard,Miami,femelle,0.0
34.52010256685002,172855.91812546735,23.36173779217828,789151.3667845689,13.0,Visa,Orlando,male,0.0
38.40749956992104,358782.1893368377,62.704910732079135,5610446.010356863,5.0,Visa,Miami,male,0.0
42.1213113819727,231698.63652820312,33.4135925127726,8696612.712241733,12.0,Visa,Houston,male,0.0
46.34168814186932,253942.7488612348,34.976655607522424,3659067.341581877,19.0,Mastercard,Orlando,male,0.0
36.16028285830233,157043.93049527254,61.98168370589645,6026298.444672145,8.0,Visa,Miami,femelle,0.0
40.060481443153066,508596.5393924936,58.241669297429205,5579208.046812114,24.0,Mastercard,Orlando,femelle,0.0
37.41188042572434,75000.0,73.25296117372386,9808532.741533907,16.0,Mastercard,Houston,femelle,0.0
32.87651397645871,500335.56833051343,65.82994871945914,7271912.671324242,9.0,Visa,Miami,femelle,0.0
43.897745557043415,136598.60434318407,38.9441816490964,10625676.165450163,2.0,Visa,Houston,femelle,0.0
31.965297389648747,110555.55946990158,34.89078397214236,2500575.430013101,11.0,Mastercard,Orlando,femelle,0.0
43.48758103772378,340895.02714791213,80.17837788533807,7476243.793469255,5.0,Mastercard,Houston,femelle,0.0
46.53973701358698,121053.99434712948,23.75022619327375,5047725.975198893,6.0,Visa,Orlando,male,0.0
44.45926845480948,530609.5096026435,80.32232360710086,8313433.111512398,3.0,Visa,Houston,male,0.0
60.0,225112.8578258017,59.14449623898688,12278534.011525324,8.0,Mastercard,Houston,femelle,0.0
30.77034941095709,194706.4052557317,48.71592410094573,3149809.670130795,4.0,Visa,Houston,femelle,1.0
38.645804493339,239304.22199385805,49.73433822081961,4829489.443379151,2.0,Mastercard,Houston,femelle,0.0
38.00268044182181,338839.5642338535,30.93684990489816,3559491.2473782976,2.0,Visa,Miami,male,0.0
38.21579454986878,75000.0,26.680516286390777,7361828.879368742,20.0,Visa,Houston,femelle,0.0
41.53603389574941,473487.247739136,52.868578740746486,9423492.102711543,16.0,Mastercard,Orlando,femelle,0.0
45.25543253073671,348487.0781300343,58.82839519785901,3669435.200488655,13.0,Visa,Houston,male,0.0
42.44120668699978,192778.91115127943,57.30338002096642,10204288.37937073,9.0,Visa,Orlando,male,0.0
44.5182101145132,271941.3725289506,29.086100582441755,3076665.037541691,19.0,Mastercard,Miami,male,0.0
31.537307051118127,343825.32423109893,56.31045881840507,3368049.759881949,12.0,Mastercard,Houston,male,0.0
47.77129886137888,75000.0,25.068760676811472,346921.4540500399,17.0,Visa,Orlando,femelle,0.0
57.676844608339024,307855.9153091353,73.16943992946655,5322575.001292396,16.0,Visa,Houston,femelle,0.0
24.0,360755.3078783569,33.15802620557223,5037727.308800942,14.0,Mastercard,Orlando,femelle,0.0
51.63072189697508,588527.0231405182,55.04007522403857,6048090.660447139,8.0,Visa,Houston,femelle,0.0
29.613392482648777,390614.6139533351,61.4711767375485,4695776.510834408,17.0,Visa,Houston,male,0.0
24.0,440071.5639112495,35.736153912677345,3361501.6873459406,14.0,Mastercard,Orlando,male,0.0
38.531677423868274,258549.7057433674,38.94151967527532,7371173.229606409,17.0,Visa,Miami,femelle,0.0
52.736199188608666,142961.73748396407,46.13689550300842,1909741.83528671,2.0,Visa,Houston,male,0.0
37.1406796146344,298469.1599413601,38.237828021513806,7667790.274276927,7.0,Mastercard,Miami,male,0.0
44.07436258913607,347245.78073329985,63.45513574398844,4707218.329536757,15.0,Mastercard,Houston,femelle,0.0
42.36746592276876,308791.33760576893,32.98434502743693,3920266.719299985,6.0,Visa,Houston,male,0.0
43.01810607473781,355926.3372983737,16.625722753077397,7026993.359770929,12.0,Mastercard,Miami,femelle,0.0
55.79262950196019,424524.2058519457,74.45423585663862,5400696.246607935,8.0,Visa,Miami,male,0.0
42.71006529824293,233485.58726474465,33.30340178906654,7321631.520328467,16.0,Mastercard,Miami,femelle,0.0
36.00103172395974,497020.9741987855,69.40925273813332,3428722.12691995,9.0,Visa,Houston,male,0.0
33.8751107437585,343486.67610564944,28.26578377230545,5783553.623838886,14.0,Mastercard,Houston,male,0.0
46.13845890081989,466266.6902584339,38.09388604612035,5313542.108227463,4.0,Mastercard,Miami,male,0.0
25.76099913433466,239444.484900314,18.79658349740112,6788244.482397461,4.0,Visa,Orlando,femelle,0.0
38.66548207441286,433781.6451855412,19.42817407481428,6423203.864718236,11.0,Visa,Miami,femelle,0.0
35.382170194315435,494281.0609004466,44.78783335332084,5373990.180222671,9.0,Visa,Orlando,male,0.0
32.23782939273409,349630.0542609527,59.99643271947619,3640221.4221588727,10.0,Mastercard,Miami,male,0.0
36.89145423607037,405304.54855009896,46.514659310661486,25000.0,3.0,Visa,Miami,male,0.0
41.30667744542031,405488.0742143921,57.79891198766873,9811598.2018036,1.0,Visa,Miami,femelle,0.0
57.52333600950739,75000.0,66.21827545231393,9811105.566400792,13.0,Mastercard,Miami,male,0.0
42.67991088010733,452693.55786440393,24.45257732898764,3021513.6894847164,7.0,Visa,Houston,male,0.0
42.52854295783961,412131.9188679689,60.764232109845146,7927510.674871454,2.0,Visa,Houston,femelle,1.0
51.69373613005695,75000.0,51.49775168743116,7038144.119035719,18.0,Mastercard,Orlando,femelle,0.0
35.73596734538933,284398.61584129574,45.4855473677573,3854686.409977871,13.0,Mastercard,Orlando,femelle,0.0
29.507606896810547,334488.65181269066,33.08621377106955,4515068.616564168,15.0,Mastercard,Orlando,male,0.0
29.367938902212416,252434.57511390516,13.037797752229267,4608273.628114486,4.0,Visa,Orlando,male,0.0
35.742848878615185,173505.25330725714,32.40565277230887,2831495.614465251,5.0,Visa,Miami,male,0.0
45.69985411547044,366745.2473064264,32.791230638663336,5292466.81707109,5.0,Visa,Orlando,femelle,0.0
43.43009007104611,295624.09511601593,56.61226522180812,710827.2709088866,16.0,Visa,Orlando,femelle,0.0
34.40319353038109,385463.8379556268,72.69279399642113,5652420.449042674,11.0,Mastercard,Orlando,femelle,0.0
47.40225514173465,120306.30564890071,75.4485676563319,25000.0,11.0,Mastercard,Orlando,femelle,0.0
40.1460196868489,173167.17354680793,24.6544662325454,3772742.0754521685,11.0,Mastercard,Orlando,male,0.0
38.83720462148892,166523.28435882874,35.03818034302675,2102087.22616539,5.0,Mastercard,Miami,male,0.0
41.41409682600211,570229.2611748279,70.52174881920008,5112700.576121757,14.0,Mastercard,Houston,male,0.0
51.92110017679873,535028.2060820679,53.26855640772262,8336877.349675183,9.0,Mastercard,Houston,femelle,1.0
45.01501650823217,271052.7948358966,36.58913677166634,2524708.1001634267,15.0,Visa,Houston,femelle,0.0
26.043736891151568,411195.8310795375,36.89344953598411,2585744.5588425864,16.0,Mastercard,Orlando,male,0.0
49.08496468393181,433755.08716043626,58.915197024342575,1607037.8345432407,8.0,Mastercard,Houston,femelle,1.0
37.60744731815956,356303.954421671,49.76198353811544,6262299.687555759,2.0,Visa,Orlando,femelle,0.0
44.215851130910025,385683.6315354359,25.83035591461848,3692427.9350557793,5.0,Visa,Houston,male,0.0
41.90114125039968,139400.03907147326,57.55109465675821,1011922.8231978081,8.0,Mastercard,Houston,femelle,0.0
32.091767937072795,75000.0,6.928237741108958,5233657.180942024,13.0,Visa,Miami,male,0.0
43.43174358838814,183253.71704902448,15.895847844479661,5778786.940096862,9.0,Visa,Orlando,male,0.0
39.14097105271964,234172.50142827423,57.417355849420495,6475218.922268662,11.0,Visa,Miami,femelle,0.0
41.88834451059496,323571.86755538016,61.58152601751006,4368395.1789410245,1.0,Visa,Orlando,male,0.0
36.608791421339234,375484.85767987446,54.52608415490269,756610.9659010377,6.0,Mastercard,Miami,male,0.0
38.86669894502205,75000.0,30.68346458208072,3631494.957559823,5.0,Visa,Orlando,male,0.0
43.98951929708436,102630.38876727881,65.26284601419314,4627097.183364502,18.0,Visa,Orlando,femelle,0.0
50.62917129235715,336583.6412430676,41.54863161957563,4875019.929855996,19.0,Visa,Orlando,femelle,0.0
55.93675525997963,470197.114716787,39.13596999247326,6445903.481158677,7.0,Mastercard,Orlando,femelle,0.0
51.47066270927876,277519.7527543087,67.06030376486996,5216747.402708608,12.0,Mastercard,Houston,male,0.0
30.75433940066468,306231.2760845842,81.96221791503518,2860067.2991593657,17.0,Visa,Houston,male,0.0
37.271256542867135,195530.83653199676,58.26744058260792,10879051.945867648,10.0,Mastercard,Orlando,femelle,0.0
45.10834653814079,400690.5205058031,55.48077681298607,5554305.950747072,17.0,Visa,Orlando,male,0.0
41.99115175306605,231451.22492621528,11.14858857125187,25000.0,8.0,Visa,Houston,femelle,0.0
41.010500116696,340316.3683722962,66.0971187636016,4684947.533801847,7.0,Mastercard,Miami,male,0.0
40.74348522146382,208136.56636486977,43.01476229304077,7476671.224608696,8.0,Visa,Orlando,male,0.0
34.57332296531605,75000.0,40.66762063648709,6855221.647232404,14.0,Visa,Houston,femelle,0.0
26.90877584634812,490307.0841864856,72.44406666586738,8976500.65916377,9.0,Mastercard,Houston,femelle,0.0
24.0,391041.3912579957,67.03858141581685,5050102.601802651,1.0,Mastercard,Orlando,femelle,0.0
38.48647854979936,149848.56832757784,70.84381153966035,8531626.362250745,16.0,Visa,Houston,male,0.0
45.75679598099913,276558.5494942435,23.260440837188916,4418015.622300125,1.0,Visa,Houston,male,0.0
40.74102070359139,267299.1553318314,73.9673713874692,6206593.474737054,3.0,Mastercard,Miami,male,0.0
40.26418645754426,367621.85044977,33.20783255918656,6040172.048725851,12.0,Mastercard,Miami,femelle,0.0
36.02420317814436,309531.28568414063,43.85078199969716,8334894.422423154,6.0,Mastercard,Orlando,male,0.0
50.74177489080948,177797.15201434947,27.51599806106044,5456808.1274225,7.0,Mastercard,Orlando,femelle,1.0
31.872036550655768,210454.1958148327,3.0,8404305.844600296,9.0,Visa,Houston,femelle,0.0
49.18472693117946,569178.7272588317,54.89794603425459,1788595.2709397865,7.0,Visa,Orlando,male,0.0
49.94290050286652,295310.7878768631,50.2867284435152,5745635.315356961,14.0,Mastercard,Houston,male,1.0
30.314058986966685,182351.8544549617,46.35919137828688,4146469.0869823336,7.0,Mastercard,Orlando,male,0.0
31.348692954085703,453716.1168422592,75.40176050509794,4288063.297414346,11.0,Visa,Orlando,femelle,0.0
51.212002772417264,538619.361325688,69.24421157162196,3008500.691522929,7.0,Visa,Orlando,male,0.0
50.04957951530946,75000.0,49.91596169217688,2545993.445774761,11.0,Visa,Houston,femelle,0.0
36.790326347642576,243602.46309722008,28.227303138819227,6693494.612142491,16.0,Visa,Orlando,male,0.0
37.06340283185454,253440.5795286729,49.33863997276464,5684561.866882866,1.0,Visa,Houston,male,0.0
25.48092936414875,253279.92076511975,32.286636319871675,2856007.6494770222,13.0,Visa,Houston,male,0.0
35.1972907279481,269897.2172437005,72.61053239074622,6877796.287918707,8.0,Visa,Miami,male,0.0
34.98325740182163,316164.00831788144,72.12923541624143,6113620.290410176,11.0,Visa,Orlando,male,0.0
31.01443959299698,445573.268942007,33.99413436785247,3509371.6179754147,15.0,Mastercard,Houston,femelle,0.0
49.13765914308446,551468.2442871993,40.3424456141773,5645095.828830368,12.0,Visa,Houston,femelle,0.0
49.46839282065284,327045.75770062546,55.80175799270864,4147436.353535664,10.0,Mastercard,Houston,male,0.0
34.90523828583689,154175.66730850126,68.31307608516688,3267973.9528749986,11.0,Mastercard,Houston,male,0.0
37.40872917427262,180269.08854627688,57.08618763037721,6267885.851577697,12.0,Mastercard,Houston,male,0.0
38.5256879853383,191524.73417559103,64.3452708756643,6140202.321721496,17.0,Mastercard,Houston,femelle,0.0
40.112866850025,258955.85844100977,76.92206847724961,1627502.0457141977,13.0,Mastercard,Miami,male,0.0
47.2875552307158,280920.0924026336,23.135812188321985,7102916.968111897,13.0,Visa,Orlando,male,0.0
37.73034617308215,255277.12107001492,71.38567412790366,5800927.349382681,9.2,Visa,Miami,femelle,0.0
49.67208159120798,409075.6889300924,75.44966661697518,6181971.716525024,11.0,Visa,Orlando,male,0.0
30.60638163423883,491140.8388101555,39.79417680873873,6520929.037484425,15.0,Visa,Houston,male,0.0
34.31890714530094,122537.17271253522,60.16024582109199,6986920.689943904,4.0,Mastercard,Orlando,femelle,0.0
44.59013687921521,317499.2626754255,68.66845908951728,3722226.202047302,13.0,Visa,Orlando,femelle,0.0
41.478616268973234,144810.30605900177,29.475152493942,767593.144727122,2.0,Mastercard,Houston,male,0.0
29.897081970174572,384436.5990427628,58.80988992326675,4593196.280297352,7.0,Mastercard,Miami,male,0.0
27.21904216665235,341049.0178818753,48.76447875458879,4550365.899433496,14.0,Visa,Miami,male,0.0
46.2386291260404,355274.6380258558,40.89558838234589,526760.2291655792,11.0,Mastercard,Miami,male,0.0
31.71516755163685,375654.75985776144,45.5064019674026,8247611.026048729,12.0,Mastercard,Orlando,femelle,0.0
36.871802665075386,233130.70292597744,48.05308062214535,8524442.172757074,15.0,Mastercard,Houston,male,0.0
25.474808192969466,103268.40509444982,43.21823410946346,7465764.447247701,4.0,Visa,Houston,femelle,0.0
41.63838301825534,338833.12735690584,41.2989479952828,3980048.832945442,19.0,Visa,Houston,femelle,0.0
47.25429818345919,225502.342180763,31.172370277214696,10184988.141699,10.0,Visa,Houston,male,0.0
38.82245799385591,404557.646825959,46.59552416057642,874551.8238790911,1.0,Visa,Houston,femelle,0.0
46.30633325308803,185480.2045036333,22.965849359507068,5990844.600859381,15.0,Mastercard,Houston,femelle,0.0
52.59317428825927,75000.0,28.586632571668066,4304394.480122631,1.0,Mastercard,Miami,male,0.0
36.004390456918294,383361.3267064339,35.77360178906864,5897599.298266687,10.0,Visa,Orlando,male,0.0
37.879480024891365,135272.04243327753,71.3084944719516,6547158.857510408,3.0,Visa,Miami,male,0.0
37.26156125240681,183028.99863935995,63.69429708099784,6540827.883245666,10.0,Visa,Miami,male,0.0
29.389902704406744,75000.0,73.93254241654485,8335860.082581227,16.0,Mastercard,Orlando,male,0.0
44.08428302760989,263100.69924664486,41.18043153249492,4358689.255812953,1.0,Visa,Houston,femelle,0.0
24.0,511603.84806313424,40.98519445394497,976220.8182897875,17.0,Visa,Houston,male,0.0
43.20135684160398,280008.1927156267,27.69506927246372,668213.2325233184,20.0,Mastercard,Houston,femelle,0.0
39.08039254806526,365062.45289414434,51.93260195943243,6561537.489884838,6.0,Mastercard,Houston,male,0.0
40.378389945029824,75000.0,49.91474124712248,4494987.097288428,10.0,Visa,Orlando,femelle,1.0
38.28858826919068,414815.6241562524,32.437565927890944,10013787.380910903,5.0,Visa,Houston,male,0.0
48.49733958070928,404881.865800798,57.250861821859225,6102081.04744246,5.0,Mastercard,Houston,male,0.0
36.90456442720042,267537.19325424434,60.974009527898005,2847082.587168378,1.0,Visa,Houston,femelle,0.0
29.203157954304576,228691.16366781865,58.01474507383226,7327025.898847068,13.0,Visa,Houston,femelle,0.0
37.37299792466558,303597.00285233895,39.23525739850422,4651787.569638549,11.0,Visa,Orlando,femelle,0.0
43.16731376766436,407285.4875836849,50.05851933358876,5552651.688590281,16.0,Visa,Miami,femelle,0.0
32.51335016167548,132400.9486603148,21.272950859216788,5401825.648856039,14.0,Mastercard,Miami,femelle,0.0
38.89331774386898,503642.9449575209,83.56359844249741,3201932.884841009,10.0,Visa,Houston,male,0.0
34.34664716741488,204120.96993747627,47.00728111496415,10026908.881536689,11.0,Visa,Miami,male,0.0
36.3277466145688,354367.48223917896,74.29888213709938,6101599.396326164,16.0,Visa,Orlando,femelle,1.0
45.10549599078859,250346.34986878792,51.425745210989234,4422180.683717582,8.0,Visa,Houston,femelle,0.0
28.12448745445259,365031.2415708794,43.458531382724274,6364627.401991529,7.0,Mastercard,Houston,femelle,0.0
39.54569123290978,251538.63859844636,69.2122646500697,7552948.035520295,18.0,Visa,Miami,femelle,0.0
34.52920879600339,383373.9041362691,50.75126702762224,3740459.012506313,9.0,Visa,Miami,femelle,0.0
32.095977455976474,275384.6712424005,55.78677811285969,3009985.0294630947,14.0,Visa,Houston,femelle,0.0
49.43074755220515,410092.5717546358,63.12813130979944,6405570.808456508,11.0,Mastercard,Miami,femelle,0.0
54.10383722029919,174843.9581557318,63.73654990905677,6731787.101602758,6.0,Mastercard,Orlando,femelle,0.0
32.18443408494494,521658.0442953112,30.301077497659357,5754481.009825975,9.0,Mastercard,Miami,male,0.0
43.063373680458106,483270.7027465052,41.76153531228094,2589918.7017029184,5.0,Visa,Houston,male,0.0
47.41005992867514,440845.4203057188,36.77725775618055,3601317.824848664,13.0,Visa,Miami,male,0.0
26.278560234372637,403238.956615862,3.0,2525117.9402262773,15.0,Visa,Miami,femelle,0.0
40.50585717210481,146686.62120361568,47.99654462426487,7168990.80387297,9.0,Mastercard,Miami,male,0.0
43.65084778506157,437665.2296692706,76.46681844979875,6985209.836290844,11.0,Visa,Houston,femelle,0.0
30.49957466579968,86285.1519417766,35.176746627303416,9727161.351121295,8.0,Visa,Orlando,male,0.0
39.45371033788568,541930.2556060692,39.13956107228421,6723159.0534016285,2.0,Visa,Orlando,male,0.0
58.76499329517152,533685.8148477535,50.924232073418345,6587899.801831008,6.0,Visa,Houston,femelle,0.0
37.33561903219582,135825.84587476557,55.376098688784616,12740875.696072323,11.0,Visa,Orlando,femelle,0.0
47.54878221018357,112296.57266410696,42.2701021935442,9911365.370005116,10.0,Visa,Orlando,femelle,0.0
60.0,715256.0408438914,47.03554222313758,6278469.678938555,8.0,Visa,Miami,femelle,0.0
30.204782343621822,249672.62519504008,36.24431410349138,25000.0,8.0,Visa,Houston,male,0.0
42.56150283937498,113227.41360598715,42.15540777311952,4214657.832971879,10.0,Mastercard,Houston,femelle,0.0
56.61874751655962,75000.0,3.0,9505637.401388956,6.0,Mastercard,Houston,femelle,0.0
39.9853699292472,392710.2740895063,59.78261113298575,7026472.541796409,14.0,Visa,Miami,femelle,0.0
41.0145974810797,75000.0,94.66231834264352,8197891.159195477,11.0,Mastercard,Houston,femelle,0.0
36.44042887283798,396658.26803072734,48.42818408062361,5638178.363575354,11.0,Mastercard,Orlando,femelle,0.0
27.94219343692849,513593.076831175,34.51460155191891,6436542.719653205,16.0,Visa,Miami,male,0.0
52.226652507889966,275102.91490646073,70.60877571273582,3231263.012191617,9.0,Visa,Miami,male,0.0
30.16378999026091,283883.2677308626,48.49945999206398,7357978.438109395,5.0,Visa,Houston,male,0.0
40.81430666965862,282051.1646290275,48.73393554437327,3073618.4785051895,5.0,Visa,Orlando,femelle,0.0
35.07143027730941,332247.4226181822,26.428544304596528,25000.0,11.0,Visa,Miami,male,0.0
31.298010597170656,398534.8059479471,63.75804165784796,3793069.931741832,5.0,Visa,Houston,male,0.0
48.08303450626611,106574.98954140302,42.25017370189132,5354990.656694607,1.0,Visa,Houston,femelle,0.0
39.80696711636021,242755.3356880183,41.40199789584226,4271814.232066914,12.0,Visa,Miami,male,0.0
43.56671100183397,137697.3322437096,57.97425603580688,3229356.163398532,1.0,Mastercard,Houston,femelle,1.0
47.06885428795335,624828.2178309835,42.37525425454253,3308455.00442042,9.0,Mastercard,Miami,femelle,0.0
29.10365303316194,310843.2520687304,62.23203123099367,4240739.476957668,8.0,Visa,Orlando,male,0.0
41.04895459740118,138652.4274637669,43.603354717438414,6737184.718084012,11.0,Mastercard,Houston,femelle,0.0
41.97524850733289,495725.2144978994,51.315693789494986,1687563.630008243,15.0,Mastercard,Houston,femelle,0.0
34.9312838760495,319499.7338702393,46.90619337730891,4790444.395449071,8.0,Visa,Orlando,femelle,0.0
33.70370976853361,440843.5767352277,32.12367138836775,3939042.3353553466,21.0,Mastercard,Houston,male,0.0
45.54252168240738,285403.3273947613,37.989867291720735,4098392.044463696,9.0,Visa,Orlando,male,0.0
47.18124617319795,446475.9883594747,54.041490123226254,4993261.394728637,7.0,Mastercard,Miami,femelle,0.0
33.085717904475715,303018.169437129,71.72960245780763,3527580.60051074,15.0,Mastercard,Orlando,femelle,0.0
38.01636634137688,135428.41953443046,24.590235088363567,25000.0,5.0,Visa,Miami,femelle,0.0
48.96749209924997,240367.6955181333,39.78632123608698,5357016.126207895,8.0,Visa,Houston,male,0.0
52.196137448927225,374364.83595232654,48.88207066772809,6914552.122184639,7.0,Mastercard,Houston,male,0.0
41.952787548019096,207758.38462259356,25.52510306687461,5705951.505453912,7.0,Mastercard,Houston,femelle,0.0
35.94692132969664,75860.47064006416,20.195049534019066,8891892.601776637,1.0,Visa,Orlando,femelle,0.0
42.05426605859778,426790.9945563143,41.87941691174569,3781545.750278589,1.0,Mastercard,Orlando,femelle,0.0
25.85495173834625,465749.5802706622,37.41532473225161,3961687.184659954,17.0,Visa,Orlando,male,1.0
28.60665919849921,257281.58857269076,52.77270057060902,5688717.92322276,11.0,Mastercard,Orlando,femelle,0.0
44.83241315937298,549628.8082175849,43.78057067027855,2230782.811053267,11.0,Visa,Orlando,male,0.0
49.14689224164663,328929.2764725286,68.99282997233067,1024528.5344067141,13.0,Mastercard,Orlando,femelle,0.0
36.43394032162521,254763.02883133423,64.25008884184321,1651807.471784315,7.0,Mastercard,Houston,femelle,0.0
29.17707288828769,412464.99427337776,10.177197020906668,10155318.846808145,1.0,Visa,Miami,femelle,0.0
42.256289683697766,457043.18016423134,52.05381033497174,6378726.464933196,3.0,Mastercard,Houston,femelle,0.0
44.54915692810216,75000.0,25.41009684583824,5355050.603370309,14.0,Visa,Houston,femelle,0.0
54.73452487509286,334110.7618487431,24.68727109820378,649950.9314974016,9.0,Visa,Houston,femelle,0.0
35.67698928810356,481976.8782587385,8.771891519541903,5577857.442760809,13.0,Visa,Houston,femelle,0.0
42.36179806676194,392783.4535466887,46.26853493889271,4963170.399493473,5.0,Visa,Orlando,male,0.0
32.12293050385636,409075.1983338151,12.349584970650724,7355379.756380163,16.0,Visa,Orlando,femelle,0.0
31.539882637652543,459272.4968984597,29.52680507738571,3166434.493249142,1.0,Visa,Miami,male,0.0
29.07108735253052,556906.7116914409,62.93487870837289,8111514.417596013,10.0,Visa,Houston,male,0.0
43.70641208187385,381668.9804291193,43.27866606988519,4272000.615718632,8.0,Mastercard,Houston,male,0.0
33.19055614042012,190155.06753943677,35.82443594557004,9271696.811740557,9.0,Visa,Miami,male,0.0
33.96561493914286,370895.96444850176,55.638360415021,3999859.833177003,7.0,Visa,Miami,femelle,0.0
49.31992706051138,163901.01609416015,57.95055513146308,6043020.626734998,6.0,Mastercard,Orlando,male,0.0
37.79283422847861,278958.66216743574,19.789078992610072,6629770.89492282,10.0,Visa,Miami,male,0.0
44.653786919764045,223515.90707015508,52.11540767048246,4905585.889388949,3.0,Mastercard,Orlando,femelle,0.0
49.1022142453493,361027.14527096745,44.28916749385552,5539086.1433186205,18.0,Visa,Miami,male,0.0
28.454393649713648,107290.8350373799,50.52370298371597,7809140.403849866,15.0,Visa,Orlando,male,0.0
27.63954874074852,218734.0145982597,53.90324094283636,1456419.3817115054,5.0,Mastercard,Orlando,male,0.0
24.0,504151.0057154661,16.64669467618276,4705997.099649981,11.0,Visa,Miami,femelle,0.0
35.91948839923134,604022.5674063589,36.81351730445665,25000.0,9.0,Visa,Houston,male,0.0
35.5462568171427,512065.4472436888,45.52666856393112,4918357.602866429,21.0,Visa,Miami,femelle,0.0
60.0,239083.4464464895,39.34786486653008,3453592.1807484226,8.0,Visa,Orlando,femelle,0.0
45.308782948486105,290075.1098180348,49.903960894437645,4658010.341481121,9.0,Visa,Miami,femelle,0.0
34.8122463998469,132112.46366690344,42.51219933586172,4840362.691181051,4.0,Visa,Orlando,male,0.0
34.06137589698743,179484.85887431144,39.56466685401857,6383992.139106265,17.0,Visa,Orlando,femelle,0.0
26.678997629567647,379620.2375509094,63.77425489109539,4005501.835101457,3.0,Mastercard,Miami,male,0.0
37.283758746672106,288564.14740191033,89.27105667087632,9397507.93580889,10.0,Visa,Houston,femelle,0.0
51.83585409488698,224441.64947558197,65.57548615955565,25000.0,5.0,Visa,Miami,femelle,0.0
43.142146904409,173094.04910585482,29.04450107721802,25000.0,15.0,Mastercard,Miami,male,0.0
51.41862921275816,401020.9194237346,61.41881987884396,2811688.8534570523,16.0,Visa,Houston,male,0.0
44.5328171871418,255067.5883201212,3.0,6826953.339477305,8.0,Mastercard,Houston,femelle,0.0
45.169037408193375,75000.0,77.27214590399399,2971836.9003535854,4.0,Visa,Houston,femelle,0.0
35.64563082948567,284699.0579809108,68.19925081721118,3651049.418471558,15.0,Visa,Miami,male,0.0
39.98702626429296,305130.70268071134,76.50009309891277,12573527.829822484,11.0,Visa,Houston,femelle,0.0
47.9633215235958,342469.62334792875,26.283701779701097,4686345.834294421,7.0,Visa,Orlando,femelle,0.0
36.378478811923735,335659.75918589794,56.73424590841223,4647769.098965392,20.0,Visa,Orlando,male,0.0
52.845423664659634,129140.77385754738,30.173312155315,7290179.23874591,4.0,Mastercard,Orlando,femelle,0.0
47.64563176891094,75000.0,61.507134490402514,4518040.140901777,9.0,Visa,Houston,male,0.0
40.43117877626565,148735.04692032814,49.98783035355421,6519763.015091827,6.0,Visa,Houston,male,0.0
45.14284395170358,318563.1963786415,74.20332190730637,3527153.150804401,6.0,Visa,Miami,femelle,0.0
40.54657703951854,161261.1276421089,39.40464588153919,4086625.936555312,3.0,Mastercard,Houston,male,0.0
32.10445810798755,387149.9309942538,67.68884874763475,5677364.102256564,12.0,Mastercard,Orlando,male,0.0
44.90612435728915,232444.7713114998,73.96450786402573,7931790.110909367,11.0,Mastercard,Houston,male,0.0
32.58101595443253,121658.8322919977,71.94969942706328,5670571.287624611,10.0,Mastercard,Houston,femelle,0.0
39.9171816807381,551580.0764949145,67.8986012313112,3502394.005172209,7.0,Visa,Houston,male,0.0
34.2121070206416,549771.3573815672,27.378627401300577,4148941.3372184816,10.0,Visa,Orlando,femelle,0.0
39.513203839976576,75000.0,59.06443804565794,6319528.659418484,7.0,Mastercard,Orlando,male,0.0
48.86176876785959,187405.97670348664,30.31173907649576,7619198.198996299,1.0,Visa,Miami,femelle,0.0
45.93055853526332,448606.62699361274,69.32279321722098,6008788.853557686,2.0,Visa,Miami,femelle,0.0
29.18967677841253,346809.31975901074,37.10143079355405,9154613.281382132,12.0,Mastercard,Orlando,male,0.0
39.062623960205,240997.33127656908,53.55816782823309,6829854.161995932,17.0,Visa,Houston,male,0.0
39.82375941986447,127316.00137392839,62.37720660289271,3151917.3688461324,12.0,Visa,Houston,femelle,0.0
36.950898426612646,304743.2960865372,51.43337107760488,4827491.093615251,15.0,Visa,Orlando,femelle,0.0
47.048497499045325,87085.02051824852,40.25566263629473,4760452.539536612,12.0,Visa,Orlando,male,0.0
53.580990237674726,411903.59294742247,44.68151611855134,4256251.922770973,9.0,Mastercard,Miami,femelle,0.0
33.049859643416724,204468.528869035,38.33754337351404,1902400.1713717682,9.0,Visa,Houston,male,0.0
38.49818381136093,180384.2824394852,33.56638347389955,4180543.260440295,7.0,Visa,Orlando,femelle,0.0
52.80859444931514,198225.79042691676,54.13355257078233,3211025.932724238,12.0,Mastercard,Miami,femelle,0.0
45.65204370837802,235350.56996702804,33.72670849724895,4481559.944319781,3.0,Visa,Miami,femelle,0.0
44.269561984049545,148097.16549472607,62.496356461077504,4697912.381548469,13.0,Visa,Houston,male,1.0
31.101380242635354,267475.9424666785,32.98869220993132,5304268.892718974,6.8,Mastercard,Houston,male,0.0
45.26905562232408,76021.5281686603,67.88917686210257,5001618.087886636,5.0,Visa,Miami,femelle,0.0
46.2416137694886,211218.59004853613,20.45671167375237,8548701.468162572,6.0,Visa,Miami,femelle,0.0
50.952756662102814,328717.6073936029,58.65700805039948,7362629.972980596,15.0,Visa,Orlando,male,0.0
37.232741754665376,268902.5855987633,39.44692447643325,3973947.9625856746,11.0,Visa,Orlando,male,0.0
45.1544840008656,300327.5386255554,80.166214974951,6256734.83411836,12.0,Visa,Houston,male,0.0
45.55735299294868,225717.73529928972,67.18828509518906,5718400.966341305,18.0,Mastercard,Houston,femelle,0.0
30.65707754166632,315461.73322962725,39.63731886666285,4674150.035184973,4.0,Mastercard,Houston,femelle,0.0
45.45307378934712,171677.5956111628,23.49437256095118,8534262.105686523,10.0,Mastercard,Orlando,femelle,0.0
35.632304583080575,340261.9910541843,56.40116382986489,4800196.918934079,1.0,Visa,Miami,male,0.0
43.58462672810313,365075.2860133315,28.280736585165872,5222821.070570434,14.0,Visa,Miami,femelle,0.0
38.837873861585535,250220.27072670317,52.44981850748909,8761204.358659204,13.0,Visa,Orlando,femelle,0.0
40.178804439730925,603326.1150131067,66.87580051763152,1391985.4766840236,8.0,Visa,Houston,femelle,0.0
45.352681682140194,608113.8662153962,61.90262371827537,3129209.359002082,6.0,Visa,Houston,male,0.0
40.10494330823004,88992.0851160663,54.52584534486873,2929962.2005562447,6.0,Mastercard,Houston,femelle,0.0
35.15132934224273,500175.9200006757,63.85551539416476,1954122.8772505522,10.0,Visa,Orlando,male,0.0
58.44757268774192,328066.06501876377,33.35046756553223,3284792.5317519987,8.6,Visa,Houston,femelle,0.0
31.378234033667187,164975.96581895056,39.34327462440152,5490343.239852432,12.0,Visa,Orlando,male,0.0
48.17570221342513,289769.62045009964,34.245551334689615,25000.0,8.0,Visa,Houston,male,0.0
39.1052231673095,251307.0488403088,18.59348371493967,4944985.80009887,2.0,Mastercard,Houston,male,0.0
38.37915381665541,263865.0984723815,54.33439284245766,4214164.980726939,15.0,Visa,Houston,femelle,0.0
42.43593761344116,648391.383789415,39.45867763520452,5903727.440274171,10.2,Visa,Orlando,male,0.0
45.00254667217202,383804.29243827285,50.2684097077692,25000.0,6.0,Visa,Orlando,male,0.0
50.11084751277111,241728.01398427784,44.68343268706016,644495.7644946948,9.0,Visa,Miami,male,0.0
31.161802610867863,223845.88074154343,62.24343237237168,8893749.516982287,5.0,Visa,Orlando,femelle,0.0
33.849868719691834,202819.1565530218,86.21044956841986,6825474.946034236,16.0,Visa,Miami,femelle,0.0
32.77876512009744,232663.74190304903,34.50395643728942,4765007.453209529,6.0,Mastercard,Houston,femelle,0.0
46.64398507188761,317171.4088228169,65.47095230214036,10751863.905817265,8.0,Mastercard,Orlando,femelle,0.0
37.254467450506304,318512.87002514413,67.99122753476615,6302205.461549531,12.0,Mastercard,Orlando,male,0.0
39.87156768601131,371990.9611722418,35.38373748782494,25000.0,21.0,Visa,Houston,femelle,0.0
45.6794619851779,281138.0553756341,53.27249026667625,4987572.245167537,4.0,Mastercard,Orlando,femelle,0.0
48.40619432377691,375169.3914096864,50.973780291224806,7161917.694071801,7.0,Visa,Orlando,male,0.0
41.66793576460464,75000.0,5.647818396959707,8887783.584721252,8.0,Mastercard,Miami,male,0.0
33.83660160689697,401549.1146062581,54.90471695788473,5023019.579964519,10.0,Mastercard,Orlando,male,0.0
35.55781529589463,146287.38748854148,21.758487873687397,2253103.1109246206,15.0,Mastercard,Miami,femelle,0.0
46.60738866424523,382160.8468106341,63.1969922420913,1397543.0004948787,3.0,Visa,Orlando,femelle,0.0
33.084586357314244,197278.1835391656,88.01298083444175,3118847.463657948,9.0,Visa,Orlando,male,0.0
42.646270452305885,359232.22350038664,55.691335809490525,2073401.193156104,18.0,Visa,Houston,male,0.0
37.466563632526,199140.96235102467,88.14981345106537,4130486.738102964,13.0,Mastercard,Houston,male,0.0
45.48495499374786,231116.9403016139,44.983326563775385,3420827.4046679665,7.0,Visa,Houston,male,0.0
52.86453797738183,441845.0141351444,27.33915305245076,8331499.596942153,20.0,Visa,Houston,male,0.0
45.4120598115198,262267.2149723796,60.10522686348404,2058835.245549576,6.0,Visa,Houston,femelle,0.0
36.0402835928744,292908.10546958324,51.38170385448542,8528032.95559312,7.0,Visa,Miami,femelle,0.0
32.10363056850948,242355.8395357788,44.75532861234288,7426965.827687027,11.0,Visa,Miami,femelle,0.0
24.0,454059.06403095264,68.61774765583675,4371080.019742513,1.0,Visa,Miami,male,0.0
47.02038042761136,178597.99728076794,43.29713722443615,2496985.440252012,1.0,Mastercard,Orlando,femelle,0.0
28.02214084412661,327744.388101313,34.13730672772127,8440888.604765508,16.0,Visa,Orlando,femelle,0.0
48.46240806033535,315974.0970435138,22.16033426405848,5105886.172235648,12.0,Mastercard,Orlando,femelle,0.0
39.48529882096667,254685.44384630915,81.60679541645939,8968778.481006596,5.0,Mastercard,Houston,male,0.0
35.652636561787865,285727.781538402,33.27610298591658,7720502.439118778,3.0,Mastercard,Orlando,femelle,0.0
54.95253202942609,390810.675714412,75.97386581986848,5250036.052925276,14.0,Visa,Houston,femelle,0.0
47.73565316275853,398021.8472927611,37.07515351706811,4689236.316058806,9.0,Visa,Orlando,male,0.0
48.97351313910335,262962.2508765818,52.36700131310354,3428887.1513314247,8.0,Visa,Orlando,male,0.0
42.29818011221941,429413.188792903,43.63397971791332,3255257.7103183456,2.0,Visa,Houston,male,0.0
42.73403136570831,531726.2193627388,37.9340630244369,5980732.592717525,11.0,Mastercard,Houston,femelle,0.0
44.45499777894516,232283.19145125995,12.925355175617533,5094767.018457735,12.0,Mastercard,Orlando,male,0.0
24.957692715449724,391660.6357665856,89.37514618867917,4075352.21551751,15.0,Visa,Orlando,femelle,0.0
